category,subtype,brand,place_of_origin,grape_variety,flavor_profile,milk,raw_or_pasteurized,name,size,size_ml,price_usd,price_per_100ml,availability,flags,tagline,sku,product_id,url,image,description
Chocolate,초콜릿 바 (Bars),Lucid,New Zealand,,,,,"Lucid Chocolate Muscat 78% Dark, 50g",50g,,33.99,,In Stock,NEW,,767062038494,77831,https://delaurenti.com/lucid-chocolate-muscat-78-dark-50g-767062038494-77831/,https://cdn.powered-by-nitrosell.com/product_images/26/6472/thumb-Lucid%20Muscat%2078%25.jpg,"Lucid Chocolatier aims to provide a selection of quality chocolate bars that exceed the standard for artisan chocolates in New Zealand, created with the utmost respect for the heritage of the cocoa, production techniques, and the environment of their beautiful country.

Utilising infusion, they have created a chocolate bar that cerebrates one of Australia’s most decorated dessert wines, Muscat. Rich in deep raisin flavours, the Australian Rutherglen Muscat is the perfect companion for their Chuncho cacao showcased as a complex 78% format."
Chocolate,초콜릿 바 (Bars),Lucid,New Zealand,,,,,"Lucid Chocolate Pistachio 72% Dark, 80g",80g,,24.99,,In Stock,NEW,,796548035412,77826,https://delaurenti.com/lucid-chocolate-pistachio-72-dark-80g-796548035412-77826/,https://cdn.powered-by-nitrosell.com/product_images/26/6472/thumb-Lucid%20Pistachio%2072%25.jpg,"Lucid Chocolatier aims to provide a selection of quality chocolate bars that exceed the standard for artisan chocolates in New Zealand, created with the utmost respect for the heritage of the cocoa, production techniques, and the environment of their beautiful country.

Their Pistachio Bar, A delicate shell of their signature Marañon dark chocolate, is filled with a smooth and rich pistachio cream made from vanilla white chocolate, house made pistachio paste, olive oil and sea salt. Their own authentic take on a chocolate bar that has become a staple all around the world."
Chocolate,초콜릿 바 (Bars),Lucid,New Zealand,,,,,"Lucid Chocolate Port 68% Dark, 50g",50g,,29.99,,In Stock,NEW,,796548035474,77828,https://delaurenti.com/lucid-chocolate-port-68-dark-50g-796548035474-77828/,https://cdn.powered-by-nitrosell.com/product_images/26/6472/thumb-Lucid%20Port%2068%25.jpg,"Lucid Chocolatier aims to provide a selection of quality chocolate bars that exceed the standard for artisan chocolates in New Zealand, created with the utmost respect for the heritage of the cocoa, production techniques, and the environment of their beautiful country.

Their now legendary Port bar. The chocolate bar that cemented them as one of the top makers in the country, and the bar that first broke through into international award success. By utilising infusion, they have created a potent chocolate bar which carries the flavors of Port. They submerge nibs from their Marañon beans in a quality 10-year-old Tawny Port featuring developed and charismatic flavors. Produced in Portugal by Taylor's, one of the first historic wine houses, then matched in rural New Zealand with quality beans from the Marañon valley in Peru, this is an extraordinarily unique offering."
Chocolate,초콜릿 바 (Bars),Lucid,New Zealand,,,,,"Lucid Chocolate Sakura 40% White, 50g",50g,,24.99,,In Stock,NEW,,767062295293,78037,https://delaurenti.com/lucid-chocolate-sakura-40-white-50g-767062295293-78037/,https://cdn.powered-by-nitrosell.com/product_images/26/6472/thumb-Lucid%20Sakura%2040%20white.jpg,"Lucid Chocolatier aims to provide a selection of quality chocolate bars that exceed the standard for artisan chocolates in New Zealand, created with the utmost respect for the heritage of the cocoa, production techniques, and the environment of their beautiful country.

Sakura season in Japan truly is one of the world's most breathtaking spectacles, drawing in millions of visitors from around the globe. Inspired, they wanted to create a bar that captures the essence of this moment. Something beautiful, gentle and complex – Sakura blossom and raspberry."
Chocolate,초콜릿 바 (Bars),Lucid,New Zealand,,,,,"Lucid Chocolate Sauternes 72% Dark, 50g",50g,,29.99,,In Stock,NEW,,767062038487,77827,https://delaurenti.com/lucid-chocolate-sourdough-52-dark-milk-50g-767062038487-77827/,https://cdn.powered-by-nitrosell.com/product_images/26/6472/thumb-Lucid%20Sauternes%2072%25.jpg,"Lucid Chocolatier aims to provide a selection of quality chocolate bars that exceed the standard for artisan chocolates in New Zealand, created with the utmost respect for the heritage of the cocoa, production techniques, and the environment of their beautiful country.

Johnty (one of New Zealand's most successful chocolate makers) recalls the first time he drank Sauternes vividly. In 2019, at the end of one of the best meals of his life at Jano Bistro in Wellington, dessert was served, and with it a curious glass of soft golden-orange coloured wine. The sommelier explained it was a sweet wine from France, with notes of stone fruits, citrus and honey. Perplexed at the concept, Johnty drank. He then smiled in amazement. With a definitive taste of apricot and honey, a new interest had been discovered, and in retrospect, this bar was born."
Chocolate,초콜릿 바 (Bars),Lucid,New Zealand,,,,,"Lucid Chocolate Sheep milk 54% Dark Milk, 50g",50g,,24.99,,In Stock,NEW,,767062295286,77829,https://delaurenti.com/lucid-sheep-dulce-de-leche-54-767062295286-77829/,https://cdn.powered-by-nitrosell.com/product_images/26/6472/thumb-Lucid%20Sheep%20Milk%2054%25.jpg,"Lucid Chocolatier aims to provide a selection of quality chocolate bars that exceed the standard for artisan chocolates in New Zealand, created with the utmost respect for the heritage of the cocoa, production techniques, and the environment of their beautiful country.

Fernglen Farm is a sheep milk farming family neighbouring Lucid’s production site. They have been producing premium sheep milk for years, and Lucid has been testing chocolate with it since their inception. Cameron, who pioneered their move to sheep milking from conventional farming, has been friends with Johnty since youth. This bar is a tribute to locality and friendship, through the medium of soft and creamy sheep milk."
Chocolate,초콜릿 바 (Bars),Lucid,New Zealand,,,,,"Lucid Chocolate Single Estate Chuncho 72% Dark, 50g",50g,,24.99,,In Stock,NEW,,796548035313,78039,https://delaurenti.com/lucid-chocolate-single-estate-chuncho-72-dark-50g-796548035313-78039/,https://cdn.powered-by-nitrosell.com/product_images/26/6472/thumb-Lucid%20Single%20Estate%20Chuncho.jpg,"Lucid Chocolatier aims to provide a selection of quality chocolate bars that exceed the standard for artisan chocolates in New Zealand, created with the utmost respect for the heritage of the cocoa, production techniques, and the environment of their beautiful country.

Chunchos are known for their complex flavour profiles and their high fat content leading to beautiful melts, and this premium blend is no exception."
Chocolate,초콜릿 바 (Bars),Lucid,New Zealand,,,,,"Lucid Chocolate Sourdough 52% Dark Milk, 50g",50g,,24.99,,In Stock,NEW,,796548035467,77830,https://delaurenti.com/lucid-sourdough-52-796548035467-77830/,https://cdn.powered-by-nitrosell.com/product_images/26/6472/thumb-Lucid%20Sourdough%2052%25.jpg,"Lucid Chocolatier aims to provide a selection of quality chocolate bars that exceed the standard for artisan chocolates in New Zealand, created with the utmost respect for the heritage of the cocoa, production techniques, and the environment of their beautiful country.

Their Sourdough Bar uses Country-style sourdough and nut brown butter, combined with Marañón milk chocolate to create an exquisite sweet and savory taste. Constructed with a smooth melt, unexpected flavours, and a complex finish. Bread chocolate, where have you been?"
Chocolate,초콜릿 바 (Bars),Lucid,New Zealand,,,,,"Lucid Chocolate Yuzu 72% Dark, 50g",50g,,24.99,,In Stock,NEW,,796548035498,78038,https://delaurenti.com/lucid-chocolate-yuzu-72-dark-50g-796548035498-78038/,https://cdn.powered-by-nitrosell.com/product_images/26/6472/thumb-Lucid%20Yuzu%2072.jpg,"Lucid Chocolatier aims to provide a selection of quality chocolate bars that exceed the standard for artisan chocolates in New Zealand, created with the utmost respect for the heritage of the cocoa, production techniques, and the environment of their beautiful country.

Confit Yuzu pieces combined with freeze-dried yuzu juice flakes and their beautiful 72% Marañon Dark Chocolate. An extraordinary journey of the harmony found between Yuzu and Cacao."
Chocolate,초콜릿 코팅 견과/과일 (Chocolate-Covered Nuts & Fruit),Ocelot,Scotland,,,,,"Ocelot Black Cherry 70% Dark Chocolate Bar, 100g",100g,,13.99,,In Stock,,,634158969096,74538,https://delaurenti.com/ocelot-black-cherry-70-dark-chocolate-bar-100g-634158969096-74538/,https://cdn.powered-by-nitrosell.com/product_images/26/6472/thumb-Ocelot%20Black%20Cherry.jpg,"Ocelot was created with the express attention of producing beautiful and delicious chocolate with minimal environmental impact. All of their chocolate is certified organic, made with unrefined cane sugar, and never contains preservatives or emulsifiers. In both 2023 and 2024 their sister company, and supplier Original Beans were awarded the Good Egg Award for World’s Most Ethical Chocolate: the only chocolate company to achieve green eggs in every category!

The Black Cherry bar is a smooth, rich, organic dark chocolate made with beans grown in Virunga National Park, Eastern Congo. The fruity, smoky flavours of this chocolate pair perfectly with tart and fragrant black cherries: a classic and luxurious combination."
Chocolate,초콜릿 바 (Bars),Ocelot,Scotland,,,,,"Ocelot Blood Orange 70% Dark Chocolate Bar, 100g",100g,,13.99,,In Stock,,,634158969102,74539,https://delaurenti.com/ocelot-blood-orange-70-dark-chocolate-bar-100g-634158969102-74539/,https://cdn.powered-by-nitrosell.com/product_images/26/6472/thumb-Ocelot%20Blood%20Orange.jpg,"Ocelot was created with the express attention of producing beautiful and delicious chocolate with minimal environmental impact. All of their chocolate is certified organic, made with unrefined cane sugar, and never contains preservatives or emulsifiers. In both 2023 and 2024 their sister company, and supplier Original Beans were awarded the Good Egg Award for World’s Most Ethical Chocolate: the only chocolate company to achieve green eggs in every category!

The Blood Orange Bar is a smooth, rich, organic dark chocolate made with beans grown in Virunga National Park, Eastern Congo - infused with sweet, tangy blood orange, and a touch of creamy vanilla. A nod to the much-loved British ‘chocolate orange’ - taken to the next level of sophistication and taste perfection."
Chocolate,초콜릿 바 (Bars),Ocelot,Scotland,,,,,"Ocelot Buckwheat 55% Milk Chocolate Bar, 100g",100g,,13.99,,In Stock,,,634158969119,74567,https://delaurenti.com/ocelot-buckwheat-55-milk-chocolate-bar-100g-634158969119-74567/,https://cdn.powered-by-nitrosell.com/product_images/26/6472/thumb-Ocelot%20Buckwheat.jpg,"Ocelot was created with the express attention of producing beautiful and delicious chocolate with minimal environmental impact. All of their chocolate is certified organic, made with unrefined cane sugar, and never contains preservatives or emulsifiers. In both 2023 and 2024 their sister company, and supplier Original Beans were awarded the Good Egg Award for World’s Most Ethical Chocolate: the only chocolate company to achieve green eggs in every category!

The buckwheat bar is smooth and creamy organic dark-milk chocolate made with rare Amelonado cocoa beans grown by a pioneering women’s cooperative in Eastern Congo. A sprinkling of crunchy toasted buckwheat elevates the rich aromatic flavours and gives a deliciously contrasting texture."
Chocolate,초콜릿 바 (Bars),Ocelot,Scotland,,,,,"Ocelot Cinnamon Swirl 42% Milk Chocolate Bar, 100g",100g,,12.99,,Out of Stock,,,658556162415,76568,https://delaurenti.com/ocelot-cinnamon-swirl-42-milk-chocolate-bar-100g-658556162415-76568/,https://cdn.powered-by-nitrosell.com/product_images/26/6472/thumb-Ocelot%20Cinnamon%20Swirl.jpg,"Ocelot was created with the express attention of producing beautiful and delicious chocolate with minimal environmental impact. All of their chocolate is certified organic, made with unrefined cane sugar, and never contains preservatives or emulsifiers. In both 2023 and 2024 their sister company, and supplier Original Beans were awarded the Good Egg Award for World’s Most Ethical Chocolate: the only chocolate company to achieve green eggs in every category!

The Cinnamon Swirl Bar is silky 42% Esmeraldas milk chocolate blended with crisp buttery cinnamon bun, freshly baked by Wild Hearth, an artisan bakery in Perthshire. This 42% milk chocolate is made with rare Arriba beans from the Esmeraldas coast in Ecuador. Its rich caramel notes complete this delicious and comforting chocolate & pastry experience."
Chocolate,초콜릿 바 (Bars),Ocelot,Scotland,,,,,"Ocelot Femme 55% Milk Chocolate Bar, 100g",100g,,13.99,,In Stock,,,634158969157,74540,https://delaurenti.com/ocelot-femme-55-milk-chocolate-bar-100g-634158969157-74540/,https://cdn.powered-by-nitrosell.com/product_images/26/6472/thumb-Ocelot%20Femme.jpg,"Ocelot was created with the express attention of producing beautiful and delicious chocolate with minimal environmental impact. All of their chocolate is certified organic, made with unrefined cane sugar, and never contains preservatives or emulsifiers. In both 2023 and 2024 their sister company, and supplier Original Beans were awarded the Good Egg Award for World’s Most Ethical Chocolate: the only chocolate company to achieve green eggs in every category!

The Femme Dark Milk Bar is an exceptional organic dark-milk chocolate made with rare Amelonado cocoa beans grown by a pioneering women’s cooperative in Eastern Congo. The milk for this chocolate is sourced from Swiss Brown cows that graze in small herds in lush mountain pastures. The cane sugar is raw and unrefined. A chocolate bar to celebrate the female."
Chocolate,초콜릿 바 (Bars),Ocelot,Scotland,,,,,"Ocelot Violet Milk 55% Chocolate Bar, 100g",100g,,13.99,,In Stock,,,634158969133,74541,https://delaurenti.com/ocelot-violet-milk-55-chocolate-bar-100g-634158969133-74541/,https://cdn.powered-by-nitrosell.com/product_images/26/6472/thumb-Ocelot%20Violet%20Milk.jpg,"Ocelot was created with the express attention of producing beautiful and delicious chocolate with minimal environmental impact. All of their chocolate is certified organic, made with unrefined cane sugar, and never contains preservatives or emulsifiers. In both 2023 and 2024 their sister company, and supplier Original Beans were awarded the Good Egg Award for World’s Most Ethical Chocolate: the only chocolate company to achieve green eggs in every category!

The Violet Milk Bar is an addictive and smooth organic dark-milk chocolate made with rare Amelonado cocoa beans grown by a pioneering women’s cooperative in Eastern Congo. The rich flavour of this chocolate is lifted and enhanced by a subtle infusion of violet. Once tried never forgotten!"
Chocolate,초콜릿 바 (Bars),,Austin,,,,,KESSHO Black Sesame White Choc,,,14.99,,In Stock,,,850058736044,75328,https://delaurenti.com/kessho-black-sesame-white-choc-850058736044-75328/,https://cdn.powered-by-nitrosell.com/product_images/26/6472/thumb-Kessho%20Black%20Sesame.jpg,"KESSHO, is an Austin-based craft chocolate creator, co-founded by Liang Wang and Mark Huetsch, with a goal to weave together their favorite Asian flavors with bean-to-bar chocolate.

Crafted with high-quality roasted black sesame,sourced from India, that has been carefully ground together with cocoa butter and salt, this black sesame bar perfectly balances sweet with savory Embedded whole black sesame seeds give the chocolate bar an addicting texture. One bite will be sure to have you coming back for more!"
Chocolate,초콜릿 바 (Bars),,Austin,,,,,"Kessho Boba Tea 44% Bar, 60g",60g,,14.99,,In Stock,,,850058736020,75177,https://delaurenti.com/kessho-boba-tea-44-bar-60g-850058736020-75177/,https://cdn.powered-by-nitrosell.com/product_images/26/6472/thumb-Kessho%20Boba%20Tea.jpg,"KESSHO, is an Austin-based craft chocolate creator, co-founded by Liang Wang and Mark Huetsch, with a goal to weave together their favorite Asian flavors with bean-to-bar chocolate.

They take black tea, carefully sourced from Fujian Province in southern China, and Ecuadorian cacao beans, and blend them with brown sugar into a creamy treat. This elevated chocolate bar is sure to satisfy boba tea lovers."
Chocolate,초콜릿 바 (Bars),,Austin,,,,,"Kessho Ceremonial Matcha White Chocolate Bar, 60g",60g,,14.99,,In Stock,,,850058736174,76551,https://delaurenti.com/kessho-ceremonial-matcha-white-chocolate-bar-60g-850058736174-76551/,https://cdn.powered-by-nitrosell.com/product_images/26/6472/thumb-Kessho%20Ceremonial%20Matcha.jpg,"KESSHO, is an Austin-based craft chocolate creator, co-founded by Liang Wang and Mark Huetsch, with a goal to weave together their favorite Asian flavors with bean-to-bar chocolate.

Matcha lovers, we understand you. This bar combines Kyoto matcha powder with organic Peruvian cocoa butter, offering the distinct taste of classic matcha. Hints of seaweed and toasted rice provide a balanced, aromatic flavor. This matcha white chocolate captures the essence of Japanese tea ceremonies, delivering a unique flavor."
Chocolate,초콜릿 바 (Bars),,Austin,,,,,"Kessho Genmaicha White Chocolate Bar, 68g",68g,,14.99,,In Stock,,,850058736228,76720,https://delaurenti.com/kessho-genmaicha-white-chocolate-bar-68g-850058736228-76720/,https://cdn.powered-by-nitrosell.com/product_images/26/6472/thumb-Kessho%20Genmaicha.jpg,"KESSHO, is an Austin-based craft chocolate creator, co-founded by Liang Wang and Mark Huetsch, with a goal to weave together their favorite Asian flavors with bean-to-bar chocolate.

This bar showcases genmaicha sourced from a historic Kyoto tea house, blending traditionally prepared roasted brown rice with green tea leaves, all enveloped in creamy Peruvian cocoa butter. The result is a perfect capture of genmaicha's essence: toasted grains harmoniously blending with delicate tea notes, creating a Japanese-inspired white chocolate experience."
Chocolate,초콜릿 바 (Bars),,Austin,,,,,"Kessho Guava Lime 57% Bar, 60g",60g,,14.99,,Out of Stock,,,850058736242,76371,https://delaurenti.com/kessho-guava-lime-57-bar-60g-850058736242-76371/,https://cdn.powered-by-nitrosell.com/product_images/26/6472/thumb-Kessho%20Guava%20Lime.jpg,"KESSHO, is an Austin-based craft chocolate creator, co-founded by Liang Wang and Mark Huetsch, with a goal to weave together their favorite Asian flavors with bean-to-bar chocolate.

Inspired by Southeast Asian night markets and their chili-sugar dusted guava, this bar blends single-origin Ugandan dark chocolate with bright, tropical guava and a zesty lime twist. The combination of tart fruits and deep chocolate creates a vibrant harmony, with a subtle warmth of chili appearing at the finish-transforming a beloved street snack into a refined chocolate experience."
Chocolate,초콜릿 바 (Bars),,Austin,,,,,"Kessho Hojicha White Chocolate Bar, 60g",60g,,14.99,,In Stock,,,850058736037,75181,https://delaurenti.com/kessho-hojicha-white-chocolate-bar-60g-850058736037-75181/,https://cdn.powered-by-nitrosell.com/product_images/26/6472/thumb-Kessho%20Hojicha.jpg,"KESSHO, is an Austin-based craft chocolate creator, co-founded by Liang Wang and Mark Huetsch, with a goal to weave together their favorite Asian flavors with bean-to-bar chocolate.

Immerse yourself in the soothing atmosphere of a Japanese teahouse with their hojicha white chocolate bar.This distinctive creation marries the toasted, earthy notes of hoiicha tea with the creamy richness of cocoa butter. The result is a well-balanced,aromatic white chocolate bar that captures the essence of a tranquil tea break.Enjoy it at any time of the day."
Chocolate,초콜릿 바 (Bars),,Austin,,,,,"Kessho Lychee Rose 48% Bar, 65g",65g,,14.99,,In Stock,,,850058736099,75178,https://delaurenti.com/kessho-lychee-rose-48-bar-65g-850058736099-75178/,https://cdn.powered-by-nitrosell.com/product_images/26/6472/thumb-Kessho%20Lychee%20Rose.jpg,"KESSHO, is an Austin-based craft chocolate creator, co-founded by Liang Wang and Mark Huetsch, with a goal to weave together their favorite Asian flavors with bean-to-bar chocolate.

This bar has a burst of floral lychee sweetness melted into creamy dark chocolate. Dried lychee pieces intertwine with the velvety texture to create a creamy cacao experience accented by gentle notes of rose petals. Each bite blooms with lychee and rose flavors that mingle with the rich chocolate."
Chocolate,초콜릿 바 (Bars),,Austin,,,,,"Kessho Porcini 60% Bar, 60g",60g,,14.99,,In Stock,,,850058736235,76721,https://delaurenti.com/kessho-porcini-60-bar-60g-850058736235-76721/,https://cdn.powered-by-nitrosell.com/product_images/26/6472/thumb-Kessho%20Porcini.jpg,"KESSHO, is an Austin-based craft chocolate creator, co-founded by Liang Wang and Mark Huetsch, with a goal to weave together their favorite Asian flavors with bean-to-bar chocolate.

Foraged Yunnan porcini mushrooms lend their deep earthiness to this dark milk chocolate. They pair these prized mushrooms, with their nutty and umami notes, with 60% Ugandan cacao. The result is a silky chocolate that opens with caramel sweetness before revealing layers of forest floor, roasted nuts, and a savory depth."
Chocolate,초콜릿 바 (Bars),,Austin,,,,,"Kessho Rasberry 57% Bar, 60g",60g,,14.99,,In Stock,,,850058736075,76000,https://delaurenti.com/kessho-rasberry-57-bar-60g-850058736075-76000/,https://cdn.powered-by-nitrosell.com/product_images/26/6472/thumb-Kessho%20Rasberry.jpg,"KESSHO, is an Austin-based craft chocolate creator, co-founded by Liang Wang and Mark Huetsch, with a goal to weave together their favorite Asian flavors with bean-to-bar chocolate.

Indulge yourself with their fruit-forward dark bean-to-bar chocolate. Made with cacao beans sourced from Simuliki Forest in Uganda and fortified by powdered raspberries, this sweet and tangy delight has a depth that is sure to tantalize your taste buds."
Chocolate,초콜릿 바 (Bars),,Austin,,,,,"Kessho Salted Plum 59% Bar, 60g",60g,,14.99,,In Stock,,,850058736105,75173,https://delaurenti.com/kessho-salted-plum-59-bar-60g-850058736105-75173/,https://cdn.powered-by-nitrosell.com/product_images/26/6472/thumb-Kessho%20Salted%20plum.jpg,"KESSHO, is an Austin-based craft chocolate creator, co-founded by Liang Wang and Mark Huetsch, with a goal to weave together their favorite Asian flavors with bean-to-bar chocolate.

Sweet-tart salted plum meets its indulgent match in decadent Ugandan dark chocolate. Each zesty, vibrant bite delivers an artisanal burst of plum mingling with the smooth, fruity notes of the cacao. The natural tang and salt of the plum play perfectly against the chocolate, creating a soul-satisfying harmony of contrasting yet complementary flavors."
Chocolate,초콜릿 바 (Bars),,Austin,,,,,"Kessho Sichuan Hot Pot 62% Bar, 60g",60g,,14.99,,In Stock,,,850058736327,77558,https://delaurenti.com/kessho-sichuan-hot-pot-62-bar-60g-850058736327-77558/,https://cdn.powered-by-nitrosell.com/product_images/26/6472/thumb-Kessho%20Sichuan%20Hot%20pot.jpg,"KESSHO, is an Austin-based craft chocolate creator, co-founded by Liang Wang and Mark Huetsch, with a goal to weave together their favorite Asian flavors with bean-to-bar chocolate.

Aromatic umami and gentle heat keep even spice-shy friends reaching back for more. Ugandan cacao meets fermented black beans, the nutty aroma of toasted white sesame, and the bright lift of spices. A dusting of dry chili spice and a pinch of sea salt bring it all into focus."
Chocolate,초콜릿 바 (Bars),,Austin,,,,,"Kessho Tanzania 70% Bar, 60g",60g,,14.99,,In Stock,,,850058736150,75458,https://delaurenti.com/kessho-tanzania-70-bar-60g-850058736150-75458/,https://cdn.powered-by-nitrosell.com/product_images/26/6472/thumb-Kessho%2070%20Dark%20Tanz.jpg,"KESSHO, is an Austin-based craft chocolate creator, co-founded by Liang Wang and Mark Huetsch, with a goal to weave together their favorite Asian flavors with bean-to-bar chocolate.

This bar has rich and complex flavors of their Tanzanian 70% Dark Chocolate. With pronounced notes of ripe berries, tangy raspberries, and a hint of citrus, this chocolate offers a vibrant and sophisticated taste journey. Perfect for those who appreciate the intricate and bold profiles of fine dark chocolate."
Chocolate,초콜릿 바 (Bars),,Austin,,,,,"Kessho Yuzu 56% Bar, 60g",60g,,14.99,,In Stock,,,850058736051,75175,https://delaurenti.com/kessho-yuzu-56-bar-60g-850058736051-75175/,https://cdn.powered-by-nitrosell.com/product_images/26/6472/thumb-Kessho%20Yuzu.jpg,"KESSHO, is an Austin-based craft chocolate creator, co-founded by Liang Wang and Mark Huetsch, with a goal to weave together their favorite Asian flavors with bean-to-bar chocolate.

Treat yourself to a truly unique experience with their yuzu dark milk chocolate! Made with yuzu harvested in Miyazaki Prefecture in Japan and cacao beans from Kokoa Kamili in Tanzania, this indulgent treat is sure to tantalize your taste buds.The tangy flavor of the yuzu perfectly complements the unique fruit-forward notes of the Tanzanian cacao. This bar is unforgettable."
Chocolate,초콜릿 바 (Bars),Hogarth,New Zealand,,,,,"Hogarth Bischoc 46% Bar, 70g",70g,,14.99,,In Stock,,,9421903851987,77158,https://delaurenti.com/hogarth-bischoc-46-bar-70g-9421903851987-77158/,https://cdn.powered-by-nitrosell.com/product_images/26/6472/thumb-Hogarth%20Bischoc%202.jpg,"From Nelson, New Zealand, Hogarth sources the highest quality cacao beans from around the world to create small batches of chocolate using traditional techniques. They sort, roast, crush and classify, winnow, grind and conche, age, melt, temper, mold, and wrap all by hand.

In this bar, they grind the spiced, caramelised biscuits directly into the chocolate giving the bar a signature Biscoff flavour. A whole biscuit is immersed into the back of the bar for a satisfying chocolately crunch. All their chocolate is made using directly traded, traceable and slave free cocoa beans from the first carbon neutral cocoa farm Hacienda Victoria."
Chocolate,초콜릿 바 (Bars),Hogarth,New Zealand,,,,,"Hogarth Black Velvet 72% Bar, 70g",70g,,14.99,,In Stock,,,9421908546000,78008,https://delaurenti.com/hogarth-black-velvet-72-9421908546000-78008/,https://cdn.powered-by-nitrosell.com/product_images/26/6472/thumb-Hogarth%20Black%20Velvet.jpg,"From Nelson, New Zealand, Hogarth sources the highest quality cacao beans from around the world to create small batches of chocolate using traditional techniques. They sort, roast, crush and classify, winnow, grind and conche, age, melt, temper, mold, and wrap all by hand.

These beans from Hacienda Victoria, Ecuador, have low acidity and a smooth, strong cocoa flavour. They roast the beans lightly to protect the dried fruit and nutty notes, adding a hint of vanilla for sweetness."
Chocolate,초콜릿 바 (Bars),Hogarth,New Zealand,,,,,"Hogarth Butter Toast Bar, 70g",70g,,14.99,,Out of Stock,,,9421903851529,60990,https://delaurenti.com/hogarth-butter-toast-bar-70g-9421903851529-60990/,https://cdn.powered-by-nitrosell.com/product_images/26/6472/thumb-Hogarth%20Toast%202.jpg,"Hogarth is a New Zealand craft chocolate maker comprised of husband and wife team, Karl and Marina Hogarth. They source cacao beans from around the globe to create small-batch chocolates using traditional techniques to preserve the unique flavor of the source cacao. Their Buttered Toast and Sea Salt chocolate bar won the Supreme Award at the New Zealand Chocolate Awards in 2018 and is their best-selling chocolate bar. It combines cacao from Ecuador, butter, and crunchy bits of Vogel’s bread (a premium NZ mixed grain loaf)."
Chocolate,초콜릿 바 (Bars),Hogarth,New Zealand,,,,,"Hogarth Ecuador 85% Bar, 70g",70g,,16.99,,In Stock,,,9421903851406,60347,https://delaurenti.com/hogarth-ecuador-85-bar-70g-9421903851406-60347/,https://cdn.powered-by-nitrosell.com/product_images/26/6472/thumb-Hogarth%20Ecuador%202.jpg,"Hogarth is a New Zealand craft chocolate maker comprised of husband and wife team, Karl and Marina Hogarth. They source cacao beans from around the globe to create small-batch chocolates using traditional techniques to preserve the unique flavor of the source cacao. Their Ecuador Single Estate 85% is made with Arriba Nacional beans from Hacienda Victoria in Ecuador. The cacao has low acidity and is lightly fermented, which gives it the delicate flavor needed for a dark chocolate bar with such a high percentage of cacao."
Chocolate,"트러플/봉봉/프랄린 (Truffles, Bonbons & Pralines)",Hogarth,New Zealand,,,,,"Hogarth Gianduia Bar, 70g",70g,,14.99,,In Stock,,,9421903851420,59217,https://delaurenti.com/hogarth-gianduia-bar-70g-9421903851420-59217/,https://cdn.powered-by-nitrosell.com/product_images/26/6472/thumb-Hogarth%20Gianduia%202.jpg,"From Nelson, New Zealand, Hogarth sources the highest quality cacao beans from around the world to create small batches of chocolate using traditional techniques. They sort, roast, crush and classify, winnow, grind and conche, age, melt, temper, mold, and wrap all by hand. Traditionally from northern Italy, Guanduia is a classic combination of fresh roasted hazelnuts & sweet, creamy chocolate. Winner of the Gold Award at the 2017 Academy of Chocolate in London, this semi-sweet Gianduia is smooth & velvety in texture, with the lingering flavor of roasted hazelnuts."
Chocolate,"트러플/봉봉/프랄린 (Truffles, Bonbons & Pralines)",Hogarth,New Zealand,,,,,"Hogarth Hazelnut Coffee Caramel 33% Bar, 70g",70g,,14.99,,Out of Stock,,,9421903851888,75806,https://delaurenti.com/hogarth-hazelnut-coffee-caramel-33-bar-70g-9421903851888-75806/,https://cdn.powered-by-nitrosell.com/product_images/26/6472/thumb-Hogarth%20Hazelnut%20Coffee%202.jpg,"From Nelson, New Zealand, Hogarth sources the highest quality cacao beans from around the world to create small batches of chocolate using traditional techniques. They sort, roast, crush and classify, winnow, grind and conche, age, melt, temper, mold, and wrap all by hand. Traditionally from northern Italy, Guanduia is a classic combination of fresh roasted hazelnuts & sweet, creamy chocolate. Winner of the Gold Award at the 2017 Academy of Chocolate in London, this semi-sweet Gianduia is smooth & velvety in texture, with the lingering flavor of roasted hazelnuts."
Chocolate,초콜릿 바 (Bars),Hogarth,New Zealand,,,,,"Hogarth Monsoon 66% Bar, 70g",70g,,14.99,,In Stock,,,9421903851833,73801,https://delaurenti.com/hogarth-monsoon-9421903851833-73801/,https://cdn.powered-by-nitrosell.com/product_images/26/6472/thumb-Hogarth%20Monsoon.jpg,"From Nelson, New Zealand, Hogarth sources the highest quality cacao beans from around the world to create small batches of chocolate using traditional techniques. They sort, roast, crush and classify, winnow, grind and conche, age, melt, temper, mold, and wrap all by hand.

They use Ginger, Chili, Lime and Lemongrass in their Monsoon Bar. The initial flavour comes from the ginger and lemongrass, then it develops over time and you get a sense of the lime and cocoa, later the heat of the ginger and chili kick for a mild burn, its not too hot, just right. Aromatic, invigorating, unique."
Chocolate,초콜릿 바 (Bars),Hogarth,New Zealand,,,,,"Hogarth Pina Colada 72% Bar, 70g",70g,,14.99,,In Stock,,,9421903851994,78009,https://delaurenti.com/hogarth-pina-colada-9421903851994-78009/,https://cdn.powered-by-nitrosell.com/product_images/26/6472/thumb-Hogarth%20Pina%20Colada.jpg,"From Nelson, New Zealand, Hogarth sources the highest quality cacao beans from around the world to create small batches of chocolate using traditional techniques. They sort, roast, crush and classify, winnow, grind and conche, age, melt, temper, mold, and wrap all by hand.

Who doesn't love a Piña Colada? Hogarth wanted to recreate that iconic flavor of Rum, Pineapple and Coconut for this bar.

First they drenched the cocoa nibs in dark rum and soaked them for a few weeks to infuse the flavor, then they dried out the nibs and made a 72% dark chocolate. When molding the bar they sprinkle toasted coconut and dried pineapple on the back, adding a glazed cherry to finish this delicious cocktail inspired bar."
Chocolate,초콜릿 바 (Bars),Hogarth,New Zealand,,,,,"Hogarth Root Beer 68% Bar, 70g",70g,,14.99,,In Stock,,,9421903851468,61043,https://delaurenti.com/hogarth-root-beer-68-bar-70g-9421903851468-61043/,https://cdn.powered-by-nitrosell.com/product_images/26/6472/thumb-Hogarth%20Rootbeer%202.jpg,"Hogarth is a New Zealand craft chocolate maker comprised of husband and wife team, Karl and Marina Hogarth. They source cacao beans from around the globe to create small-batch chocolates using traditional techniques to preserve the unique flavor of the source cacao.

Hogarth created the classic Root Beer flavour by combining three spices, sarsaparilla, liquorice and ginger with cacao and orange. The resulting chocolate is wonderfully aromatic and refreshing, with candied orange pieces for a sweet zesty bite."
Chocolate,세트/기프트 (Gift & Sets),,,,,,,Give Chocolate,,,75.0,,In Stock,,A hand-picked selection of the best chocolate!,113040000030,67846,https://delaurenti.com/give-chocolate-dark-75-113040000030-67846/,https://cdn.powered-by-nitrosell.com/product_images/26/6472/thumb-Compartes-Chocolate_sized.jpg,"So you come into the store and see the walls of chocolate bars from all over the world and right down the street. It's beautiful, but it's confusing...you look around and find someone in a green apron. You tell that person you want to get some nice chocolate bars for your chocolate loving family member, friend, colleague or...yourself. They quickly pick out the bars you need and BAM! It's done and everyone is happy. This is just like that. Tell us how much you would like to spend and whether you prefer dark, milk, or a mix of the two! We'll take it from there!

*This is a gift, so we will remove the prices!"
Chocolate,초콜릿 바 (Bars),Fossa,Singapore,,,,,"Fossa Pistachio Meltaway Knafeh Chocolate, 70g",70g,,24.99,,In Stock,,75% dark chocolate shell with pistachio/tahini/crispy brown butter kataifi filling!,8881300069308,76685,https://delaurenti.com/fossa-pistachio-meltaway-knafeh-chocolate-70g-8881300069308-76685/,https://cdn.powered-by-nitrosell.com/product_images/26/6472/thumb-Fossa%20pistachio%20Knafeh%202.jpg,"Fossa is Singapore’s first, and award winning bean to bar chocolate maker. Their unique bars feature ethically sourced ingredients, and subtle, nuanced flavors that draw on the rich agricultural and culinary traditions of the region.

Inspired by the popular Dubai chocolate, this bar is their take on this delicious creamy treat in the form of a meltaway bar! Encased in a malty Ecuadorian origin dark chocolate shell, break apart and bite into a filling of creamy pistachio, fragrant tahini and crispy brown butter Kataifi pastry!"
Chocolate,초콜릿 바 (Bars),SOMA,Canada,,,,,"SOMA Abstract Chocolate Science Bar, 65g",65g,,16.99,,In Stock,,dark chocolate with roasted cocao nibs,752830633858,70575,https://delaurenti.com/soma-abstract-chocolate-science-bar-65g-752830633858-70575/,https://cdn.powered-by-nitrosell.com/product_images/26/6472/thumb-SOMA%20Abstract%20Chocolate%20Science.jpg,"Soma was founded in 2003 in Toronto, Canada. A rarity in the industry, Soma is adept at both chocolate making, and also a fantastic chocolatier. They were one of the first to tackle the micro batch chocolate bar production and their high quality chocolate bars have been awarded multiple times over the years."
Chocolate,초콜릿 바 (Bars),SOMA,Canada,,,,,"SOMA Ancestral Venezuela 70% Bar, 65g",65g,,19.99,,Out of Stock,,"made with 5 ancestral coca beans: Guasare, Porcelana, Loberta, Nocillero & Tove",644216960132,77252,https://delaurenti.com/soma-ancestral-venezuela-70-bar-65g-644216960132-77252/,https://cdn.powered-by-nitrosell.com/product_images/26/6472/thumb-SOMA%20Ancestral%20Venezuela.jpg,"Soma was founded in 2003 in Toronto, Canada. A rarity in the industry, Soma is adept at both chocolate making, and also a fantastic chocolatier. They were one of the first to tackle the micro batch chocolate bar production and their high quality chocolate bars have been awarded multiple times over the years.

Their Ancestral Venezuelan bar is made with 5 different, and equally rare cacao beans - all ancestral Criollo: Guasare, Porcelana, Loberta, Nocillero, and Tove. This tiny harvest was grown on a single farm. A gentle roast & conch reveals an extraordinary chocolate containing a full scale of delicate tasting notes. Quiet & mighty. Very limited edition."
Chocolate,초콜릿 바 (Bars),SOMA,Canada,,,,,"SOMA Banana Milk Bar, 33g",33g,,15.99,,In Stock,,,644216958931,75559,https://delaurenti.com/soma-banana-milk-bar-33g-644216958931-75559/,https://cdn.powered-by-nitrosell.com/product_images/26/6472/thumb-SOMA%20Banana%20milk.jpg,"Soma was founded in 2003 in Toronto, Canada. A rarity in the industry, Soma is adept at both chocolate making, and also a fantastic chocolatier. They were one of the first to tackle the micro batch chocolate bar production and their high quality chocolate bars have been awarded multiple times over the years.

This Banana Milk Bar is a delicious creamy treat - like a smoothie in a chocolate bar! Healthy, right!?"
Chocolate,초콜릿 바 (Bars),SOMA,Canada,,,,,"SOMA Bejofo Madagascar Bar, 65g",65g,,16.99,,In Stock,,,752830632752,74364,https://delaurenti.com/soma-bejofo-madagascar-bar-65g-752830632752-74364/,https://cdn.powered-by-nitrosell.com/product_images/26/6472/thumb-SOMA%20Bejofo%20Madagascar.jpg,"Soma was founded in 2003 in Toronto, Canada. A rarity in the industry, Soma is adept at both chocolate making, and also a fantastic chocolatier. They were one of the first to tackle the micro batch chocolate bar production and their high quality chocolate bars have been awarded multiple times over the years.

Madagascar, the oldest island on the planet, has been growing cacao in the Sambirano Valley since the early 1900s. They call this origin the gateway chocolate's Madagascar is often the portal for 1st timers into the intricate and captivating world of single origin chocolate. Notes of raspberry, cherry, peanut butter & pomelo."
Chocolate,초콜릿 바 (Bars),SOMA,Canada,,,,,"SOMA Candied Ginger tumbled in Dark Chocolate, 100g",100g,,15.99,,In Stock,,,644216956333,75930,https://delaurenti.com/soma-candied-ginger-tumbled-in-dark-chocolate-100g-644216956333-75930/,https://cdn.powered-by-nitrosell.com/product_images/26/6472/thumb-SOMA.jpg,"Soma was founded in 2003 in Toronto, Canada. A rarity in the industry, Soma is adept at both chocolate making, and also a fantastic chocolatier. They were one of the first to tackle the micro batch chocolate bar production and their high quality chocolate bars have been awarded multiple times over the years.

This Ginger from Fiji is known for it's zingy peppery bite. Harvested from tender young roots, the ginger is bathed in a sugar syrup and dusted with sugar resulting in a soft and chewy candied ginger. The sparkly ginger chunks are coated in SOMAS Dream Machine dark chocolate blend."
Chocolate,초콜릿 코팅 견과/과일 (Chocolate-Covered Nuts & Fruit),SOMA,Canada,,,,,"SOMA Green Raisins tumbled in dark milk chocolate, 100g",100g,,14.99,,Out of Stock,,,644216955831,76211,https://delaurenti.com/soma-green-raisins-tumbled-in-dark-milk-chocolate-100g-644216955831-76211/,https://cdn.powered-by-nitrosell.com/product_images/26/6472/thumb-SOMA%20Green%20Raisins.jpg,"Soma was founded in 2003 in Toronto, Canada. A rarity in the industry, Soma is adept at both chocolate making, and also a fantastic chocolatier. They were one of the first to tackle the micro batch chocolate bar production and their high quality chocolate bars have been awarded multiple times over the years.

Their Green Raisins, Kashmari raisins, are long and slender raisins with a perfect chew and tartness like a fresh grape. Their beautiful golden green color comes from drying them in the shade. More fruity and less sweet than their Sultana cousins. SOMA tumbles these sunny gems in a mix of dark and milk chocolate made with cacao from their favorite farms and growing regions. Think rich chocolate cake with spikes of fresh juicy grapes!"
Chocolate,초콜릿 바 (Bars),SOMA,Canada,,,,,"SOMA Mr Salazar 55% Milk Bar, 65g",65g,,16.99,,Out of Stock,,,644216958238,74361,https://delaurenti.com/soma-mr-salazar-55-milk-bar-65g-644216958238-74361/,https://cdn.powered-by-nitrosell.com/product_images/26/6472/thumb-SOMA%20Mr%20Salazar%20Milk.jpg,"Soma was founded in 2003 in Toronto, Canada. A rarity in the industry, Soma is adept at both chocolate making, and also a fantastic chocolatier. They were one of the first to tackle the micro batch chocolate bar production and their high quality chocolate bars have been awarded multiple times over the years.

Costa Esmeraldas is a single estate cacao farm owned by the Salazar family on the NW coast of Ecuador. Oranges, limes, lemons, plantain, bananas, guayaba, and papaya are grown interspersed with the cacao to reduce erosion on the steep terrain. This dark milk 55% bar has notes of lemon, bread, cherries, balsamic vinegar, brownies & green bananas."
Chocolate,초콜릿 바 (Bars),SOMA,Canada,,,,,"SOMA Mr. Salazar 70% Bar, 65g",65g,,16.99,,In Stock,,,752830633759,71956,https://delaurenti.com/soma-mr-salazar-70-bar-65g-752830633759-71956/,https://cdn.powered-by-nitrosell.com/product_images/26/6472/thumb-SOMA%20Mr%20Salazar.jpg,"Soma was founded in 2003 in Toronto, Canada. A rarity in the industry, Soma is adept at both chocolate making, and also a fantastic chocolatier. They were one of the first to tackle the micro batch chocolate bar production and their high quality chocolate bars have been awarded multiple times over the years.

Costa Esmeraldas is a single estate cacao farm owned by the Salazar family on the NW coast of Ecuador. Oranges, limes, lemons, plantain, bananas, guayaba, and papaya are grown interspersed with the cacao to reduce erosion on the steep terrain. This bar has notes of lemon, bread, cherries, balsamic vinegar, brownies & green bananas."
Chocolate,초콜릿 바 (Bars),SOMA,Canada,,,,,"SOMA Old School Dark Madagascar Rough Grind Bar, 90g",90g,,16.99,,Out of Stock,,,644216958535,70571,https://delaurenti.com/soma-old-school-dark-madagascar-rough-grind-bar-90g-644216958535-70571/,https://cdn.powered-by-nitrosell.com/product_images/26/6472/thumb-SOMA%20Old%20School%20Dark.jpg,"Soma was founded in 2003 in Toronto, Canada. A rarity in the industry, Soma is adept at both chocolate making, and also a fantastic chocolatier. They were one of the first to tackle the micro batch chocolate bar production and their high quality chocolate bars have been awarded multiple times over the years.

Chocolate as it was back in the day - simple and pure. Only two ingredients ground together in this vintage melangeur- no further processing, refining or conching. Partially ground cocoa nibs and whole crystals of organic cane sugar provide an entirely unique crumbly almost cookie-like texture. Old School all the way..."
Chocolate,초콜릿 바 (Bars),SOMA,Canada,,,,,"SOMA Old School Milk Venezuela Rough Grind Bar, 90g",90g,,16.99,,In Stock,,,644216958634,70572,https://delaurenti.com/soma-old-school-milk-venezuela-rough-grind-bar-90g-644216958634-70572/,https://cdn.powered-by-nitrosell.com/product_images/26/6472/thumb-SOMA%20Old%20School%20Milk.jpg,"Soma was founded in 2003 in Toronto, Canada. A rarity in the industry, Soma is adept at both chocolate making, and also a fantastic chocolatier. They were one of the first to tackle the micro batch chocolate bar production and their high quality chocolate bars have been awarded multiple times over the years.

SOMA made a MILK old school from Criollo Merida beans, and it’s crazy good. Merida is one of 3 states hugging the iconic area of Lake Maracaibo, believed to be the birthplace of Criollo beans. Rare bean. Chocolate as it was back in the day - simple and pure. Only three ingredients ground together in their vintage melangeur with no further processing, refining or conching. Partially ground Criollo Merida cacao nibs, milk and whole crystals of organic cane sugar provide an entirely unique crumbly almost cookie-like texture. A staff favorite!"
Chocolate,"트러플/봉봉/프랄린 (Truffles, Bonbons & Pralines)",SOMA,Canada,,,,,"SOMA Pecan Pie Pralines, 100g",100g,,14.99,,Out of Stock,,,644216955534,75929,https://delaurenti.com/soma-pecan-pie-pralines-100g-644216955534-75929/,https://cdn.powered-by-nitrosell.com/product_images/26/6472/thumb-SOMA%20Pecan%20Pie%20Pralines.jpg,"Soma was founded in 2003 in Toronto, Canada. A rarity in the industry, Soma is adept at both chocolate making, and also a fantastic chocolatier. They were one of the first to tackle the micro batch chocolate bar production and their high quality chocolate bars have been awarded multiple times over the years.

These Pecan Pie Pralines are all the rich and buttery flavors of a proper Pecan Pie. Pecans are toasted just enough to give them a crisp bite then caramelized into a buttery praline. Finished with a coating of caramel chocolate. Caramel is sugar that’s allowed to change, run a little wild."
Chocolate,초콜릿 코팅 견과/과일 (Chocolate-Covered Nuts & Fruit),SOMA,Canada,,,,,"SOMA Piedmonte Hazelnuts tumbled in dark milk chocolate, 100g",100g,,15.99,,Out of Stock,,,644216955732,76212,https://delaurenti.com/soma-piedmonte-hazelnuts-tumbled-in-dark-milk-chocolate-100g-644216955732-76212/,https://cdn.powered-by-nitrosell.com/product_images/26/6472/thumb-SOMA%20Piedmonte%20Hazelnuts.jpg,"Soma was founded in 2003 in Toronto, Canada. A rarity in the industry, Soma is adept at both chocolate making, and also a fantastic chocolatier. They were one of the first to tackle the micro batch chocolate bar production and their high quality chocolate bars have been awarded multiple times over the years.

These hazelnuts are slow roasted then tumbled in SOMA's lovely dark chocolate blend made with cacao from their favorite farms and growing regions.

The most beautiful hazelnuts of all are the Tonde Gentile delle Langhe (TGL) hazelnuts from the Piedmont region of Italy. The indigenous trees are protected, the rich land where they grow is a UNESCO heritage site and the birthplace of the Slowfood movement.

TGLs are sweet and delicate with a captivating hazelnut flavour. The Piedmont region is famous for their hazelnuts and chocolate, cue the chocolatemakers."
Chocolate,초콜릿 바 (Bars),SOMA,Canada,,,,,"SOMA Pink Grapefruit Brown Sugar Bar, 33g",33g,,15.99,,In Stock,,,644216957934,74031,https://delaurenti.com/soma-pink-grapefruit-brown-sugar-bar-33g-644216957934-74031/,https://cdn.powered-by-nitrosell.com/product_images/26/6472/thumb-SOMA%20Pnk%20Grapefruit.jpg,"Soma was founded in 2003 in Toronto, Canada. A rarity in the industry, Soma is adept at both chocolate making, and also a fantastic chocolatier. They were one of the first to tackle the micro batch chocolate bar production and their high quality chocolate bars have been awarded multiple times over the years.

Their Grapefruit Brown Sugar bar has

little sparks of tartness enveloped in a gorgeous buttery, grapefruit chocolate. Crystals of brown sugar make this a joy to eat!"
Chocolate,초콜릿 바 (Bars),SOMA,Canada,,,,,"SOMA Ramage Vanuatu 70% Bar, 65g",65g,,16.99,,In Stock,,,644216959532,77253,https://delaurenti.com/soma-ramage-vanuatu-70-bar-65g-644216959532-77253/,https://cdn.powered-by-nitrosell.com/product_images/26/6472/thumb-SOMA%20Ramage%20Vanuatu.jpg,"Soma was founded in 2003 in Toronto, Canada. A rarity in the industry, Soma is adept at both chocolate making, and also a fantastic chocolatier. They were one of the first to tackle the micro batch chocolate bar production and their high quality chocolate bars have been awarded multiple times over the years.

Made with cacao from the Village of Pinalum on the north side of Malekula island in Vanuatu. The village sits in the middle of an old heirloom Amelonado cacao forest planted in the 1800s. The result is a bar with notes of chocolate cake, lemons, tamarind & caramel."
Chocolate,초콜릿 바 (Bars),SOMA,Canada,,,,,"SOMA Raspberry Bar, 33g",33g,,16.99,,In Stock,,,752830634657,70569,https://delaurenti.com/soma-raspberry-bar-33g-752830634657-70569/,https://cdn.powered-by-nitrosell.com/product_images/26/6472/thumb-SOMA%20Rasberry.jpg,"Soma was founded in 2003 in Toronto, Canada. A rarity in the industry, Soma is adept at both chocolate making, and also a fantastic chocolatier. They were one of the first to tackle the micro batch chocolate bar production and their high quality chocolate bars have been awarded multiple times over the years.

This international award winner was the result of trying to create a bar that made one feel like they were eating a handful of beautiful, ripe raspberries....but chocolate. Job done. The hot pink, all natural color is from a ridiculously high percentage of raspberries in every bar!"
Chocolate,초콜릿 바 (Bars),SOMA,Canada,,,,,"SOMA Semuliki Forest Uganda 70% Bar, 65g",65g,,16.99,,In Stock,,,787790346951,71646,https://delaurenti.com/soma-semuliki-forest-uganda-70-bar-65g-787790346951-71646/,https://cdn.powered-by-nitrosell.com/product_images/26/6472/thumb-SOMA%20Semuliki%20Forest%20Uganda.jpg,"Soma was founded in 2003 in Toronto, Canada. A rarity in the industry, Soma is adept at both chocolate making, and also a fantastic chocolatier. They were one of the first to tackle the micro batch chocolate bar production and their high quality chocolate bars have been awarded multiple times over the years.

The cacao beans used to make this chocolate is grown by 500 smallholder farmers in the lush growing region of Bundibugyo in Uganda. Each farm is 1-2 hectares, either owned as family land or leased from other farmers. This chocolate bar is community supported. Chocolatemakers are given an opportunity to pay a bonus per kg to be used directly to support the farmers that make Semuliki Forest cacao possible. This year the fund will be used to pay school fees for the farmer’s children.

And the chocolate...its amazing with notes of raisins, figs, chocolate cake, walnuts & vanilla."
Chocolate,초콜릿 바 (Bars),SOMA,Canada,,,,,"SOMA Starry Night Milk Bar, 65g",65g,,16.99,,In Stock,,milk chocolate with Newfoundland Salt Co sea salt,752830634251,74362,https://delaurenti.com/soma-starry-night-milk-bar-65g-752830634251-74362/,https://cdn.powered-by-nitrosell.com/product_images/26/6472/thumb-Soma%20Starry%20Night%20Milk.jpg,"Soma was founded in 2003 in Toronto, Canada. A rarity in the industry, Soma is adept at both chocolate making, and also a fantastic chocolatier. They were one of the first to tackle the micro batch chocolate bar production and their high quality chocolate bars have been awarded multiple times over the years.

Good milk chocolate + really good salt = really, really good milk chocolate with sea salt. That's 2 reallys folks. This is milk chocolate for real chocolate lovers who are craving something with a touch more sweetness. Cute dear under starry skies complimentary."
Chocolate,초콜릿 바 (Bars),SOMA,Canada,,,,,"SOMA Stratus Bar, 65g",65g,,16.99,,Out of Stock,,dark chocolate with icewine lees,752830633551,71643,https://delaurenti.com/soma-stratus-bar-65g-752830633551-71643/,https://cdn.powered-by-nitrosell.com/product_images/26/6472/thumb-SOMA%20Stratus.jpg,"Soma was founded in 2003 in Toronto, Canada. A rarity in the industry, Soma is adept at both chocolate making, and also a fantastic chocolatier. They were one of the first to tackle the micro batch chocolate bar production and their high quality chocolate bars have been awarded multiple times over the years.

SOMA's original idea was to infuse cacao with oak. After an inspired talk with their friends at Stratus Vineyards in Niagara-on-the-Lake, winemaker J-L Groux sent over an oak barrel partially filled with the residual yeast and grape skins from the winemaking process known as ""lees."" They roasted up a batch of cacao beans and added the roasted nibs to the barrel, rolling it around to make sure things were well mixed.

3 months later, they had a chocolate bar with notes of grapes, miso, wild honey, sour dough, lychee, walnuts & honeysuckle."
Chocolate,초콜릿 바 (Bars),SOMA,Canada,,,,,"SOMA Thai Coconut tumbled in white and dark milk chocolate, 100g",100g,,15.99,,In Stock,,,644216955930,75932,https://delaurenti.com/soma-thai-coconut-tumbled-in-white-and-dark-milk-chocolate-100g-644216955930-75932/,https://cdn.powered-by-nitrosell.com/product_images/26/6472/thumb-SOMA%20Thai%20Coconut.jpg,"Soma was founded in 2003 in Toronto, Canada. A rarity in the industry, Soma is adept at both chocolate making, and also a fantastic chocolatier. They were one of the first to tackle the micro batch chocolate bar production and their high quality chocolate bars have been awarded multiple times over the years.

These soft chew chunks of coconut are coated in 2 layers, white chocolate and milk chocolate, finished with a light dusting of cocoa powder. Each morsel looks like a cute tiny coconut. Coconuts are the universal symbol of the tropics, swaying coconuts fronds and dripping golden sunsets. Keep these close, especially in the Winter to conjure up your own ray of sunshine. Very addictive."
Chocolate,초콜릿 바 (Bars),SOMA,Canada,,,,,"SOMA Tien Gang 70 % Bar, 65g",65g,,14.99,,Out of Stock,,,752830633452,74363,https://delaurenti.com/soma-tien-gang-70-bar-65g-752830633452-74363/,https://cdn.powered-by-nitrosell.com/product_images/26/6472/thumb-SOMA%20Tien%20Giang%20Vietnam.jpg,"Soma was founded in 2003 in Toronto, Canada. A rarity in the industry, Soma is adept at both chocolate making, and also a fantastic chocolatier. They were one of the first to tackle the micro batch chocolate bar production and their high quality chocolate bars have been awarded multiple times over the years.

Tien Giang is a province in Vietnam's Mekong Delta; the birthplace of cacao in Vietnam. The beans in this bar are from Marou Faiseurs de Chocolat in Saigon who work directly with the farmers. The result is delicious bar with notes of cinnamon, wild ginger, cherry jam & Brazil nuts."
Chocolate,"트러플/봉봉/프랄린 (Truffles, Bonbons & Pralines)",SOMA,Canada,,,,,"SOMA Twinkle Sea Salt Bar, 65g",65g,,16.99,,Out of Stock,,caramel chocolate with flakes of Newfoundland Salt Co. sea salt,752830633957,63266,https://delaurenti.com/soma-twinkle-sea-salt-bar-65g-752830633957-63266/,https://cdn.powered-by-nitrosell.com/product_images/26/6472/thumb-SOMA%20Twinkle%20Bar.jpg,"Soma was founded in 2003 in Toronto, Canada. A rarity in the industry, Soma is adept at both chocolate making, and also a fantastic chocolatier. They were one of the first to tackle the micro batch chocolate bar production and their high quality chocolate bars have been awarded multiple times over the years.

SOMA's caramel chocolate melts like butter in your mouth - the taste of slowly caramelized sugars and cooked milk beautifully intermingled. Add a finish of crunchy salt from the Newfoundland Salt Company & a cute fox and you have everything you need."
Chocolate,초콜릿 코팅 견과/과일 (Chocolate-Covered Nuts & Fruit),Stonegrindz,Arizona,,,,,"Stonegrindz Almond Butter and Black Lava Salt 80% Bar, 57g",57g,,14.99,,In Stock,,,865367000007,75093,https://delaurenti.com/stonegrindz-almond-butter-and-black-lava-salt-80-bar-57g-865367000007-75093/,https://cdn.powered-by-nitrosell.com/product_images/26/6472/thumb-Stonegrindz%20Almond%20Butter%20and%20Black%20Lava.jpg,"Stonegrindz specializes in small batch single origin craft chocolate, created & crafted in Scottsdale, AZ.

Made with their 50/50 blend of cacao from Ecuador and Peru, this 80% dark chocolate is out of this world! We ground this bar with hand-roasted organic California almonds and black lava salt. It tastes like an almond butter-infused dark chocolate with such a beautiful salt flavor. It is so heavenly. The almond butter gives it a luscious texture that is to be desired in a bar this dark."
Chocolate,초콜릿 바 (Bars),Stonegrindz,Arizona,,,,,"Stonegrindz Ambanja, Madagascar Bar 70%, 57g",57g,,14.99,,In Stock,,,865367000045,73321,https://delaurenti.com/stonegrindz-ambanja-madagascar-bar-70-57g-865367000045-73321/,https://cdn.powered-by-nitrosell.com/product_images/26/6472/thumb-Stonegrindz%20Ambanja.jpg,"Stonegrindz specializes in small batch single origin craft chocolate, created & crafted in Scottsdale, AZ.

This bar is crafted from cacao beans that are farmed fair-trade and organically in Madagascar, Africa. They have a different style of fermentation that yields an interesting citrus tone to the finished chocolate. Stongrindz gives this bar a light roast and light conche to allow the unique flavors to shine through."
Chocolate,초콜릿 바 (Bars),Stonegrindz,Arizona,,,,,"Stonegrindz Ancient Ecuador 85% Bar, 57g",57g,,14.99,,In Stock,,,865367000052,73322,https://delaurenti.com/stonegrindz-ancient-ecuador-85-bar-57g-865367000052-73322/,https://cdn.powered-by-nitrosell.com/product_images/26/6472/thumb-Stonegrindz%20Ancient%20Ecuador.jpg,"Stonegrindz specializes in small batch single origin craft chocolate, created & crafted in Scottsdale, AZ.

Their 85% bar crafted with cacao from the legendary Hacienda Victoria farm in Cerecita, Ecuador. These particular beans are of an Ancient Heirloom varietal dating back thousands of years, making this bean extremely rare. They give this bar a light roast and a heavy conche to give it clarity of flavor unmatched at this percentage."
Chocolate,초콜릿 코팅 견과/과일 (Chocolate-Covered Nuts & Fruit),Stonegrindz,Arizona,,,,,"Stonegrindz Bourbon Pecan & Dark Cherry 70%, 57g",57g,,14.99,,In Stock,,,865367000038,77793,https://delaurenti.com/stonegrindz-bourbon-pecan-dark-cherry-70-57g-865367000038-77793/,https://cdn.powered-by-nitrosell.com/product_images/26/6472/thumb-Stonegrindz%20Bourbon%20Pecan%20Cherry.jpg,"Stonegrindz specializes in small batch single origin craft chocolate, created & crafted in Scottsdale, AZ.

Made with their 50/50 blend of cacao from Ecuador and Peru, this 70% dark is so outstanding. They blended this bar with sweet bourbon-coated pecans and topped the back with freshly dried dark cherries. It might be one of the best bars they have ever made, Steven & Kasey can't stop eating it!"
Chocolate,초콜릿 바 (Bars),Stonegrindz,Arizona,,,,,"Stonegrindz Cappuccino Bar 55%, 57g",57g,,14.99,,In Stock,,,865367000014,73323,https://delaurenti.com/stonegrindz-cappuccino-bar-55-57g-865367000014-73323/,https://cdn.powered-by-nitrosell.com/product_images/26/6472/thumb-Stonegrindz%20Cappuccino.jpg,"Stonegrindz specializes in small batch single origin craft chocolate, created & crafted in Scottsdale, AZ.

This bar is crafted with cacao from the Ucayali River in Peru. They blend their 55% dark coconut milk chocolate with Fair-Trade espresso beans from Blue Bottle Coffee. The result is a super delicious bar that tastes melts like coffee ice cream in your mouth and tastes like a really good cappuccino. A Delaurenti staff favorite!"
Chocolate,초콜릿 바 (Bars),Stonegrindz,Arizona,,,,,"Stonegrindz Crystallized Ginger Bar 55%, 57g",57g,,14.99,,In Stock,,,865367000021,73324,https://delaurenti.com/stonegrindz-crystallized-ginger-bar-55-57g-865367000021-73324/,https://cdn.powered-by-nitrosell.com/product_images/26/6472/thumb-Stonegrindz%20Ginger.jpg,"Stonegrindz specializes in small batch single origin craft chocolate, created & crafted in Scottsdale, AZ.

This bar is crafted with cacao from the Ucayali River in Peru. They blend their 55% dark coconut milk chocolate with ginger and lemongrass essential oil, and top each bar with crystallized ginger pieces. A uniquely flavored bar that will quickly become your favorite!"
Chocolate,초콜릿 바 (Bars),Stonegrindz,Arizona,,,,,"Stonegrindz Ucayali River Peru 70% Bar, 57g",57g,,14.99,,In Stock,,,865367000083,73320,https://delaurenti.com/stonegrindz-ucayali-river-peru-70-bar-57g-865367000083-73320/,https://cdn.powered-by-nitrosell.com/product_images/26/6472/thumb-Stonegrindz%20Ucayali%20River%20Peru.jpg,"Stonegrindz specializes in small batch single origin craft chocolate, created & crafted in Scottsdale, AZ.

A pure 70% using beans from the Ucayali River in Peru. This bar has flavors unlike any other bar from Stonegrindz. It's tangy and nutty and has such a nice floral tone to it. This unique bar has an amazing melt and complexity of flavor!"
Chocolate,초콜릿 바 (Bars),Stonegrindz,Arizona,,,,,"Stonegrindz Wild Bolivia 70% Bar, 57g",57g,,14.99,,Out of Stock,,,865367000076,73319,https://delaurenti.com/stonegrindz-wild-bolivia-70-bar-57g-865367000076-73319/,https://cdn.powered-by-nitrosell.com/product_images/26/6472/thumb-Stonegrindz%20Wild%20Bolivia.jpg,"Stonegrindz specializes in small batch single origin craft chocolate, created & crafted in Scottsdale, AZ.

This bar has been crafted from cacao beans that grow wild along the Amazon River Basin in Bolivia. A very rare and unique cacao bean that must be canoed from the wild to the farm to be fermented and dried. If you are looking for a 70% with unrivaled fudgy and lightly floral tones, this one is for you!"
Chocolate,초콜릿 바 (Bars),Compartes Chocolatier,California,,,,,"Compartes Blonde Bombshell, 3oz",3oz,89,14.99,16.9,In Stock,,Handmade in LA since 1950,034017442058,55534,https://delaurenti.com/compartes-blonde-bombshell-3oz-034017442058-55534/,https://cdn.powered-by-nitrosell.com/product_images/26/6472/thumb-Compartes%20Blonde%20Bombshell.jpg,"With a legacy spanning back to 1950 and a contemporary revival led by visionary chocolatier Jonathan Grahm, Compartés chocolate is meticulously handcrafted by a small team of dedicated chocolatiers and artists. Their creative use of flavor & texture stretches chocolate norms while merging the realms of art, style, design & fashion. Did we mention the chocolate is exceptional? It is!

Compartés Blonde Bombshell dark chocolate bar is unlike any other chocolate bar you have ever tried. Dried strawberries and a splash of champagne perfectly compliment their delicious dark chocolate. Featuring a dazzling cover of the Blonde Bombshell."
Chocolate,초콜릿 바 (Bars),Compartes Chocolatier,California,,,,,"Compartes Cake & Sprinkles, 3oz",3oz,89,14.99,16.9,In Stock,,Handmade in LA since 1950,034017442249,54570,https://delaurenti.com/compartes-cake-sprinkles-3oz-034017442249-54570/,https://cdn.powered-by-nitrosell.com/product_images/26/6472/thumb-Compartes%20Cake%20%26%20Sprinkles.jpg,"With a legacy spanning back to 1950 and a contemporary revival led by visionary chocolatier Jonathan Grahm, Compartés chocolate is meticulously handcrafted by a small team of dedicated chocolatiers and artists. Their creative use of flavor & texture stretches chocolate norms while merging the realms of art, style, design & fashion. Did we mention the chocolate is exceptional? It is!

This creamy Compartes white chocolate is flavored with 3 types of vanilla beans, filled with fluffy birthday cake batter and tons of rainbow sprinkles. Who wouldn't enjoy opening this for on their special day? Presented in unique and beautiful packaging, there is truly nothing like it."
Chocolate,초콜릿 바 (Bars),Compartes Chocolatier,California,,,,,"Compartes California Berries, 3oz",3oz,89,14.99,16.9,In Stock,,Handmade in LA since 1950,034017442140,65128,https://delaurenti.com/compartes-california-berries-3oz-034017442140-65128/,https://cdn.powered-by-nitrosell.com/product_images/26/6472/thumb-Compartes%20California%20Berries.jpg,"With a legacy spanning back to 1950 and a contemporary revival led by visionary chocolatier Jonathan Grahm, Compartés chocolate is meticulously handcrafted by a small team of dedicated chocolatiers and artists. Their creative use of flavor & texture stretches chocolate norms while merging the realms of art, style, design & fashion. Did we mention the chocolate is exceptional? It is!

Compartés California Berries bar dark chocolate bar brings you the taste of spring with every bite. A deep dark chocolate studded with all natural dried strawberries, raspberries and blueberries. The most beautiful berry bar you'll ever see... and eat!"
Chocolate,초콜릿 바 (Bars),Compartes Chocolatier,California,,,,,"Compartes California Dreaming, 3oz",3oz,89,14.99,16.9,In Stock,,Handmade in LA since 1950,034017442010,57994,https://delaurenti.com/compartes-california-dreaming-3oz-034017442010-57994/,https://cdn.powered-by-nitrosell.com/product_images/26/6472/thumb-Compartes%20California%20Dreaming.jpg,"With a legacy spanning back to 1950 and a contemporary revival led by visionary chocolatier Jonathan Grahm, Compartés chocolate is meticulously handcrafted by a small team of dedicated chocolatiers and artists. Their creative use of flavor & texture stretches chocolate norms while merging the realms of art, style, design & fashion. Did we mention the chocolate is exceptional? It is!

Compartés California Dreaming dark chocolate brownie bar is made with homemade rich dark chocolate brownies mixed into their signature luxury dark chocolate for the ultimate brownie lover's and chocolate lover's chocolate bar! Surfing bear not included."
Chocolate,초콜릿 바 (Bars),Compartes Chocolatier,California,,,,,"Compartes California Garden, 3oz",3oz,89,14.99,16.9,In Stock,,Handmade in LA since 1950,034017442751,75845,https://delaurenti.com/compartes-california-garden-3oz-034017442751-75845/,https://cdn.powered-by-nitrosell.com/product_images/26/6472/thumb-Compartes%20California%20Garden.jpg,"With a legacy spanning back to 1950 and a contemporary revival led by visionary chocolatier Jonathan Grahm, Compartés chocolate is meticulously handcrafted by a small team of dedicated chocolatiers and artists. Their creative use of flavor & texture stretches chocolate norms while merging the realms of art, style, design & fashion. Did we mention the chocolate is exceptional? It is!

This bar is for people who loves fruit & nuts in their chocolate. This bar is studded with a grab bag of all such things that grow in California. Could contain one or more of the following: raisins, apricots, peaches, strawberries, oranges, pears, cherries, pomegranates, apples, almonds, cashews, walnuts, pecans and sea salt!"
Chocolate,초콜릿 바 (Bars),Compartes Chocolatier,California,,,,,"Compartes California Love, 3oz",3oz,89,14.99,16.9,In Stock,,Handmade in LA since 1950,034017442065,53157,https://delaurenti.com/compartes-california-love-3oz-034017442065-53157/,https://cdn.powered-by-nitrosell.com/product_images/26/6472/thumb-Compartes%20California%20Love.jpg,"With a legacy spanning back to 1950 and a contemporary revival led by visionary chocolatier Jonathan Grahm, Compartés chocolate is meticulously handcrafted by a small team of dedicated chocolatiers and artists. Their creative use of flavor & texture stretches chocolate norms while merging the realms of art, style, design & fashion. Did we mention the chocolate is exceptional? It is!

Compartés Chocolate California Love is a dark chocolate bar made with dark chocolate and tons of crushed San Francisco sourdough pretzels. This combo is the ultimate meeting of dark chocolate, sea salt, and crunch."
Chocolate,초콜릿 바 (Bars),Compartes Chocolatier,California,,,,,"Compartes Campfire S'mores, 3oz",3oz,89,14.99,16.9,In Stock,,Handmade in LA since 1950,034017442089,56722,https://delaurenti.com/compartes-campfire-smores-3oz-034017442089-56722/,https://cdn.powered-by-nitrosell.com/product_images/26/6472/thumb-Compartes%20Campfire%20S%27Mores.jpg,"With a legacy spanning back to 1950 and a contemporary revival led by visionary chocolatier Jonathan Grahm, Compartés chocolate is meticulously handcrafted by a small team of dedicated chocolatiers and artists. Their creative use of flavor & texture stretches chocolate norms while merging the realms of art, style, design & fashion. Did we mention the chocolate is exceptional? It is!

Compartés Campfire S'mores dark chocolate bar is s'mores taken up a notch! Homemade marshmallows are blended with dark chocolate and bits of graham crackers to recreate this Summer pastime into a single chocolate bar!"
Chocolate,"트러플/봉봉/프랄린 (Truffles, Bonbons & Pralines)",Compartes Chocolatier,California,,,,,"Compartes Caramel Apple Bar, 3oz",3oz,89,13.99,15.77,Out of Stock,,Handmade in LA since 1950,034017442720,73208,https://delaurenti.com/compartes-caramel-apple-bar-3oz-034017442720-73208/,https://cdn.powered-by-nitrosell.com/product_images/26/6472/thumb-Compartes%20Caramel%20Apple.jpg,"With a legacy spanning back to 1950 and a contemporary revival led by visionary chocolatier Jonathan Grahm, Compartés chocolate is meticulously handcrafted by a small team of dedicated chocolatiers and artists. Their creative use of flavor & texture stretches chocolate norms while merging the realms of art, style, design & fashion. Did we mention the chocolate is exceptional? It is!

This timeless and classic milk chocolate bar is infused with homemade brown sugar, brown butter, sea salt caramel, and tart apple pieces to capture the traditional tastes of a caramel apple."
Chocolate,"트러플/봉봉/프랄린 (Truffles, Bonbons & Pralines)",Compartes Chocolatier,California,,,,,"Compartes Caramel Crunch, 3oz",3oz,89,14.99,16.9,In Stock,,Handmade in LA since 1950,034017442522,60849,https://delaurenti.com/compartes-caramel-crunch-3oz-034017442522-60849/,https://cdn.powered-by-nitrosell.com/product_images/26/6472/thumb-Compartes%20Caramel%20Crunch.jpg,"With a legacy spanning back to 1950 and a contemporary revival led by visionary chocolatier Jonathan Grahm, Compartés chocolate is meticulously handcrafted by a small team of dedicated chocolatiers and artists. Their creative use of flavor & texture stretches chocolate norms while merging the realms of art, style, design & fashion. Did we mention the chocolate is exceptional? It is!

Compartes Salted Caramel Crunch Bar is delicious! Made from their signature milk chocolate and pieces of crunchy salted caramel as well as caramel and sea salt flecks throughout."
Chocolate,초콜릿 바 (Bars),Compartes Chocolatier,California,,,,,"Compartes Cereal Bowl White Chocolate, 3oz",3oz,89,14.99,16.9,In Stock,,Handmade in LA since 1950,034017442096,53155,https://delaurenti.com/compartes-cereal-bowl-white-chocolate-3oz-034017442096-53155/,https://cdn.powered-by-nitrosell.com/product_images/26/6472/thumb-Compartes%20Cereal%20Bowl.jpg,"With a legacy spanning back to 1950 and a contemporary revival led by visionary chocolatier Jonathan Grahm, Compartés chocolate is meticulously handcrafted by a small team of dedicated chocolatiers and artists. Their creative use of flavor & texture stretches chocolate norms while merging the realms of art, style, design & fashion. Did we mention the chocolate is exceptional? It is!

Satisfy that late night cereal craving with this cereal marshmallow dream. This bar is Compartes creamy white chocolate overflowing with cereal and marshmallows. Presented in unique and beautiful packaging, there is truly nothing like it."
Chocolate,초콜릿 바 (Bars),Compartes Chocolatier,California,,,,,"Compartes Champagne Bar, 3oz",3oz,89,14.99,16.9,In Stock,,Handmade in LA since 1950,034017442737,73369,https://delaurenti.com/compartes-champagne-bar-3oz-034017442737-73369/,https://cdn.powered-by-nitrosell.com/product_images/26/6472/thumb-Compartes%20Champagne%20Bar.jpg,"With a legacy spanning back to 1950 and a contemporary revival led by visionary chocolatier Jonathan Grahm, Compartés chocolate is meticulously handcrafted by a small team of dedicated chocolatiers and artists. Their creative use of flavor & texture stretches chocolate norms while merging the realms of art, style, design & fashion. Did we mention the chocolate is exceptional? It is!

Compartes Champagne Dark Chocolate Bar is a delightfully rich creation that combines the finest Moet Champagne with their decadent dark chocolate."
Chocolate,초콜릿 바 (Bars),Compartes Chocolatier,California,,,,,"Compartes Churros & Horchata, 3oz",3oz,89,14.99,16.9,In Stock,,Handmade in LA since 1950,034017442591,62365,https://delaurenti.com/compartes-churros-horchata-3oz-034017442591-62365/,https://cdn.powered-by-nitrosell.com/product_images/26/6472/thumb-Compartes%20Churros%20%26%20Horchata.jpg,"With a legacy spanning back to 1950 and a contemporary revival led by visionary chocolatier Jonathan Grahm, Compartés chocolate is meticulously handcrafted by a small team of dedicated chocolatiers and artists. Their creative use of flavor & texture stretches chocolate norms while merging the realms of art, style, design & fashion. Did we mention the chocolate is exceptional? It is!

This is Compartes new Churros & Horchata chocolate bar! An amazing traditional combo of Churro pieces and sweet rice milk Horchata! Featuring hand drawn artistic beautiful graphics with golden churros floating in a foamy horchata, this a unique one-of-a-kind deliciously good chocolate sensation!"
Chocolate,초콜릿 바 (Bars),Compartes Chocolatier,California,,,,,"Compartes Cinnamon Toast, 3oz",3oz,89,14.99,16.9,In Stock,,Handmade in LA since 1950,034017442270,59208,https://delaurenti.com/compartes-cinnamon-toast-3oz-034017442270-59208/,https://cdn.powered-by-nitrosell.com/product_images/26/6472/thumb-Compartes%20Cinnamon%20Toast.jpg,"With a legacy spanning back to 1950 and a contemporary revival led by visionary chocolatier Jonathan Grahm, Compartés chocolate is meticulously handcrafted by a small team of dedicated chocolatiers and artists. Their creative use of flavor & texture stretches chocolate norms while merging the realms of art, style, design & fashion. Did we mention the chocolate is exceptional? It is!

This Cinnamon Toast white chocolate bar is the chocolate from your childhood dreams. Filled with crunchy cinnamon toast crunch cereal bites and cinnamon swirling in a sweet and heavenly white chocolate!"
Chocolate,초콜릿 바 (Bars),Compartes Chocolatier,California,,,,,"Compartes Coffee Crunch, 3oz",3oz,89,14.99,16.9,In Stock,,Handmade in LA since 1950,034017442157,54696,https://delaurenti.com/compartes-coffee-crunch-3oz-034017442157-54696/,https://cdn.powered-by-nitrosell.com/product_images/26/6472/thumb-Compartes%20Coffee%20Crunch.jpg,"With a legacy spanning back to 1950 and a contemporary revival led by visionary chocolatier Jonathan Grahm, Compartés chocolate is meticulously handcrafted by a small team of dedicated chocolatiers and artists. Their creative use of flavor & texture stretches chocolate norms while merging the realms of art, style, design & fashion. Did we mention the chocolate is exceptional? It is!

This bar is made with from rich and creamy 75% dark chocolate and aromatic crunchy coffee bits. This perfectly balanced bar is not too sweet not too bitter and just right, potent coffee flavor and super dark chocolate make this a coffee lover's dream."
Chocolate,초콜릿 바 (Bars),Compartes Chocolatier,California,,,,,"Compartes Coney Island, 3oz",3oz,89,14.99,16.9,In Stock,,Handmade in LA since 1950,034017442034,54154,https://delaurenti.com/compartes-coney-island-3oz-034017442034-54154/,https://cdn.powered-by-nitrosell.com/product_images/26/6472/thumb-Compartes%20Coney%20Island.jpg,"With a legacy spanning back to 1950 and a contemporary revival led by visionary chocolatier Jonathan Grahm, Compartés chocolate is meticulously handcrafted by a small team of dedicated chocolatiers and artists. Their creative use of flavor & texture stretches chocolate norms while merging the realms of art, style, design & fashion. Did we mention the chocolate is exceptional? It is!

Compartés Coney Island milk chocolate is filled with crispy caramelized waffle cone pieces. Some call it the best part of having ice cream, this bar is full that waffle cone goodness!"
Chocolate,초콜릿 바 (Bars),Compartes Chocolatier,California,,,,,"Compartes Cookie Butter, 3oz",3oz,89,14.99,16.9,In Stock,,Handmade in LA since 1950,034017443239,66075,https://delaurenti.com/compartes-cookie-butter-3oz-034017443239-66075/,https://cdn.powered-by-nitrosell.com/product_images/26/6472/thumb-Compartes%20Cookie%20Butter.jpg,"With a legacy spanning back to 1950 and a contemporary revival led by visionary chocolatier Jonathan Grahm, Compartés chocolate is meticulously handcrafted by a small team of dedicated chocolatiers and artists. Their creative use of flavor & texture stretches chocolate norms while merging the realms of art, style, design & fashion. Did we mention the chocolate is exceptional? It is!

Compartes top selling milk chocolate is blended with delicious cookie butter, to create a smooth and creamy delicious bar!"
Chocolate,스프레드 (Spreads),Compartes Chocolatier,California,,,,,"Compartes Cookies & Cream, 3oz",3oz,89,14.99,16.9,In Stock,,Handmade in LA since 1950,034017442355,56724,https://delaurenti.com/compartes-cookies-cream-3oz-034017442355-56724/,https://cdn.powered-by-nitrosell.com/product_images/26/6472/thumb-Compartes%20Cookies%20%26%20Cream.jpg,"With a legacy spanning back to 1950 and a contemporary revival led by visionary chocolatier Jonathan Grahm, Compartés chocolate is meticulously handcrafted by a small team of dedicated chocolatiers and artists. Their creative use of flavor & texture stretches chocolate norms while merging the realms of art, style, design & fashion. Did we mention the chocolate is exceptional? It is!

Compartés Cookies & Cream bar is a mix of White and Dark chocolate with cream filled sandwich cookies sprinkled throughout! Crunchy and rich, this bar pays homage to the cream filled sandwich cookie we all love!"
Chocolate,초콜릿 바 (Bars),Compartes Chocolatier,California,,,,,"Compartes Creme Brulee Bar, 3oz",3oz,89,14.99,16.9,In Stock,,Handmade in LA since 1950,034017442775,73366,https://delaurenti.com/compartes-creme-brulee-bar-3oz-034017442775-73366/,https://cdn.powered-by-nitrosell.com/product_images/26/6472/thumb-Compartes%20Creme%20Brulee.jpg,"With a legacy spanning back to 1950 and a contemporary revival led by visionary chocolatier Jonathan Grahm, Compartés chocolate is meticulously handcrafted by a small team of dedicated chocolatiers and artists. Their creative use of flavor & texture stretches chocolate norms while merging the realms of art, style, design & fashion. Did we mention the chocolate is exceptional? It is!

Hand Crafted from luxury chocolate and blended with a French dessert-inspired creme brulee flavor, this decadent and delicious buttery chocolate bar is the perfect indulgence."
Chocolate,초콜릿 바 (Bars),Compartes Chocolatier,California,,,,,"Compartes Croissant Bar, 3oz",3oz,89,14.99,16.9,In Stock,,Handmade in LA since 1950,034017442676,74840,https://delaurenti.com/compartes-croissant-bar-3oz-034017442676-74840/,https://cdn.powered-by-nitrosell.com/product_images/26/6472/thumb-Compartes%20Croissant%20Bar.jpg,"With a legacy spanning back to 1950 and a contemporary revival led by visionary chocolatier Jonathan Grahm, Compartés chocolate is meticulously handcrafted by a small team of dedicated chocolatiers and artists. Their creative use of flavor & texture stretches chocolate norms while merging the realms of art, style, design & fashion. Did we mention the chocolate is exceptional? It is!

Pain au chocolait anyone? This is that, but just a little heavier on the milk chocolait and lighter on the pain."
Chocolate,초콜릿 바 (Bars),Compartes Chocolatier,California,,,,,"Compartes Donuts & Coffee Milk Chocolate, 3oz",3oz,89,14.99,16.9,In Stock,,Handmade in LA since 1950,034017442102,53156,https://delaurenti.com/compartes-donuts-coffee-milk-chocolate-3oz-034017442102-53156/,https://cdn.powered-by-nitrosell.com/product_images/26/6472/thumb-Compartes%20Coffee%20%26%20Donuts.jpg,"With a legacy spanning back to 1950 and a contemporary revival led by visionary chocolatier Jonathan Grahm, Compartés chocolate is meticulously handcrafted by a small team of dedicated chocolatiers and artists. Their creative use of flavor & texture stretches chocolate norms while merging the realms of art, style, design & fashion. Did we mention the chocolate is exceptional? It is!

Compartes has been hand-crafting luxury chocolate since 1950. Enjoy coffee and donuts anytime of day! Made with the finest donuts LA has to offer and local coffee grounds, this creamy Compartes milk chocolate is a real winner. Presented in unique and beautiful packaging, there is truly nothing like it."
Chocolate,초콜릿 바 (Bars),Compartes Chocolatier,California,,,,,"Compartes Espresso Martini, 3oz",3oz,89,14.99,16.9,In Stock,,Handmade in LA since 1950,034017442669,74838,https://delaurenti.com/compartes-espresso-martini-3oz-034017442669-74838/,https://cdn.powered-by-nitrosell.com/product_images/26/6472/thumb-Compartes%20Espresso%20Martini.jpg,"With a legacy spanning back to 1950 and a contemporary revival led by visionary chocolatier Jonathan Grahm, Compartés chocolate is meticulously handcrafted by a small team of dedicated chocolatiers and artists. Their creative use of flavor & texture stretches chocolate norms while merging the realms of art, style, design & fashion. Did we mention the chocolate is exceptional? It is!

Their Espresso Martini Chocolate bar is deep dark chocolate infused with vodka and espresso. This bar is absolutely to die for and since its dark chocolate, is automatically vegan and gluten free which is even better!"
Chocolate,초콜릿 바 (Bars),Compartes Chocolatier,California,,,,,"Compartes Everything Bar, 3oz",3oz,89,14.99,16.9,In Stock,,Handmade in LA since 1950,034017442607,64792,https://delaurenti.com/compartes-everything-bar-3oz-034017442607-64792/,https://cdn.powered-by-nitrosell.com/product_images/26/6472/thumb-Compartes%20The%20Everything%20Bar.jpg,"With a legacy spanning back to 1950 and a contemporary revival led by visionary chocolatier Jonathan Grahm, Compartés chocolate is meticulously handcrafted by a small team of dedicated chocolatiers and artists. Their creative use of flavor & texture stretches chocolate norms while merging the realms of art, style, design & fashion. Did we mention the chocolate is exceptional? It is!

Everything you can dream of in one bite. For the one who has everything, this bar has everything & more!! Cake, sprinkles, marshmallows, pretzels, rainbow sprinkles, this is decadence and indulgence combined into a mind-blowing chocolatey burst of flavors from all the Compartés classics. This is literally chocolate + all the good stuff in one scrumptious bite. Everything you need for that sweet treat, all rolled into one."
Chocolate,초콜릿 바 (Bars),Compartes Chocolatier,California,,,,,"Compartes Hot Fudge Sundae, 3oz",3oz,89,13.99,15.77,Out of Stock,,Handmade in LA since 1950,034017443079,71652,https://delaurenti.com/compartes-hot-fudge-sundae-3oz-034017443079-71652/,https://cdn.powered-by-nitrosell.com/product_images/26/6472/thumb-Compartes%20Hot%20Fudge%20Sundae.jpg,"With a legacy spanning back to 1950 and a contemporary revival led by visionary chocolatier Jonathan Grahm, Compartés chocolate is meticulously handcrafted by a small team of dedicated chocolatiers and artists. Their creative use of flavor & texture stretches chocolate norms while merging the realms of art, style, design & fashion. Did we mention the chocolate is exceptional? It is!

First they swirl in award-winning dark chocolate, then its layered with vanilla bean gelato infused chocolate with crunchy crispy pieces of caramelized ice cream cones for a taste sensation that is like eating a hot fudge Sundae on a hot Summer day. Melty, delicious, flecked with crunchy waffle cone while dark and white chocolate dance and melt together in this decadent fudge and ice cream packed bar."
Chocolate,초콜릿 바 (Bars),Compartes Chocolatier,California,,,,,"Compartes Lemon Shortbread, 3oz",3oz,89,14.99,16.9,In Stock,,Handmade in LA since 1950,034017443062,71648,https://delaurenti.com/compartes-lemon-shortbread-3oz-034017443062-71648/,https://cdn.powered-by-nitrosell.com/product_images/26/6472/thumb-Compartes%20Lemon%20Shortbread.jpg,"With a legacy spanning back to 1950 and a contemporary revival led by visionary chocolatier Jonathan Grahm, Compartés chocolate is meticulously handcrafted by a small team of dedicated chocolatiers and artists. Their creative use of flavor & texture stretches chocolate norms while merging the realms of art, style, design & fashion. Did we mention the chocolate is exceptional? It is!

Homemade lemon preserves and shortbread cookies collide in a lemon infused chocolate that is tangy, sweet and lip puckeringly delicious, with crunchy shortbread cookies, this may be your new favorite bar!"
Chocolate,초콜릿 바 (Bars),Compartes Chocolatier,California,,,,,"Compartes Malibu Magic, 3oz",3oz,89,14.99,16.9,In Stock,,Handmade in LA since 1950,034017442300,69258,https://delaurenti.com/compartes-malibu-magic-3oz-034017442300-69258/,https://cdn.powered-by-nitrosell.com/product_images/26/6472/thumb-Compartesd%20Malibu%20Magic.jpg,"With a legacy spanning back to 1950 and a contemporary revival led by visionary chocolatier Jonathan Grahm, Compartés chocolate is meticulously handcrafted by a small team of dedicated chocolatiers and artists. Their creative use of flavor & texture stretches chocolate norms while merging the realms of art, style, design & fashion. Did we mention the chocolate is exceptional? It is!

Malibu Magic Malted milk chocolate bar is a fun twist on the classic chocolate and malt pairing. The bar's filled with malt and a touch of sea salt for the most delicious milky chocolate treat! Salty, malty and sweet!"
Chocolate,초콜릿 바 (Bars),Compartes Chocolatier,California,,,,,"Compartes Matcha Green Tea, 3oz",3oz,89,14.99,16.9,In Stock,,Handmade in LA since 1950,034017442195,54697,https://delaurenti.com/compartes-matcha-green-tea-3oz-034017442195-54697/,https://cdn.powered-by-nitrosell.com/product_images/26/6472/thumb-Compartes%20Matcha%20Green%20Tea.jpg,"With a legacy spanning back to 1950 and a contemporary revival led by visionary chocolatier Jonathan Grahm, Compartés chocolate is meticulously handcrafted by a small team of dedicated chocolatiers and artists. Their creative use of flavor & texture stretches chocolate norms while merging the realms of art, style, design & fashion. Did we mention the chocolate is exceptional? It is!

Compartés Matcha white chocolate bar transforms the trendiest drink in Los Angeles into chocolate bar form! Premium ceremonial grade matcha tea is mixed with luxury white chocolate and turns this chocolate bar green. Infused with only the best matcha from Japan. This chocolate bar features waves and a traditional, but modern Japanese inspired design on the cover."
Chocolate,초콜릿 바 (Bars),Compartes Chocolatier,California,,,,,"Compartes Milk Chocolate Chip, 3oz",3oz,89,14.99,16.9,In Stock,,Handmade in LA since 1950,034017442393,57515,https://delaurenti.com/compartes-milk-chocolate-chip-3oz-034017442393-57515/,https://cdn.powered-by-nitrosell.com/product_images/26/6472/thumb-Compartes%20Chocolate%20Chip%20Cookies.jpg,"With a legacy spanning back to 1950 and a contemporary revival led by visionary chocolatier Jonathan Grahm, Compartés chocolate is meticulously handcrafted by a small team of dedicated chocolatiers and artists. Their creative use of flavor & texture stretches chocolate norms while merging the realms of art, style, design & fashion. Did we mention the chocolate is exceptional? It is!

Compartes Chocolate Chip Cookies chocolate bar! Milk chocolate with chunks and chips of chocolate chip cookies, all in their amazing milk chocolate! Dip it in a cold glass of milk, it's amazing!!"
Chocolate,초콜릿 바 (Bars),Compartes Chocolatier,California,,,,,"Compartes Night Cap, 3oz",3oz,89,14.99,16.9,In Stock,,Handmade in LA since 1950,0340174422631,54913,https://delaurenti.com/compartes-night-cap-3oz-0340174422631-54913/,https://cdn.powered-by-nitrosell.com/product_images/26/6472/thumb-Compartes%20Nightcap.jpg,"With a legacy spanning back to 1950 and a contemporary revival led by visionary chocolatier Jonathan Grahm, Compartés chocolate is meticulously handcrafted by a small team of dedicated chocolatiers and artists. Their creative use of flavor & texture stretches chocolate norms while merging the realms of art, style, design & fashion. Did we mention the chocolate is exceptional? It is!

Compartés Nightcap whiskey dark chocolate bar is infused with the finest whiskey. This rich dark chocolate bar is perfect for that late night chocolate craving!"
Chocolate,초콜릿 바 (Bars),Compartes Chocolatier,California,,,,,"Compartes Old Hollywood, 3oz",3oz,89,14.99,16.9,Out of Stock,,Handmade in LA since 1950,034017442027,53154,https://delaurenti.com/compartes-old-hollywood-3oz-034017442027-53154/,https://cdn.powered-by-nitrosell.com/product_images/26/6472/thumb-Compartes%20Old%20Hollywood.jpg,"With a legacy spanning back to 1950 and a contemporary revival led by visionary chocolatier Jonathan Grahm, Compartés chocolate is meticulously handcrafted by a small team of dedicated chocolatiers and artists. Their creative use of flavor & texture stretches chocolate norms while merging the realms of art, style, design & fashion. Did we mention the chocolate is exceptional? It is!

Compartés Old Hollywood bar combines dark chocolate with a sprinkling of smoked sea salt. For those of you who love a little savory to your sweet, try this bar which gives you a bit of smoke too!"
Chocolate,초콜릿 코팅 견과/과일 (Chocolate-Covered Nuts & Fruit),Compartes Chocolatier,California,,,,,"Compartes Orange Peel & Pink Peppercorn, 3oz",3oz,89,14.99,16.9,In Stock,,Handmade in LA since 1950,034017442782,74833,https://delaurenti.com/compartes-orange-peel-pink-peppercorn-3oz-034017442782-74833/,https://cdn.powered-by-nitrosell.com/product_images/26/6472/thumb-Compartes%20Orange%20Peel%20Pink%20Pepper.jpg,"With a legacy spanning back to 1950 and a contemporary revival led by visionary chocolatier Jonathan Grahm, Compartés chocolate is meticulously handcrafted by a small team of dedicated chocolatiers and artists. Their creative use of flavor & texture stretches chocolate norms while merging the realms of art, style, design & fashion. Did we mention the chocolate is exceptional? It is!

This bar tastes like the artwork looks. The the artwork must taste like rich dark chocolate, fresh ripened sun kissed orange & piquant pink peppercorns!"
Chocolate,초콜릿 바 (Bars),Compartes Chocolatier,California,,,,,"Compartes Peanutbutter Cup, 3oz",3oz,89,14.99,16.9,In Stock,,Handmade in LA since 1950,034017443154,73368,https://delaurenti.com/compartes-peanutbutter-cup-3oz-034017443154-73368/,https://cdn.powered-by-nitrosell.com/product_images/26/6472/thumb-Compartes%20Peanut%20Butter%20Cup.jpg,"With a legacy spanning back to 1950 and a contemporary revival led by visionary chocolatier Jonathan Grahm, Compartés chocolate is meticulously handcrafted by a small team of dedicated chocolatiers and artists. Their creative use of flavor & texture stretches chocolate norms while merging the realms of art, style, design & fashion. Did we mention the chocolate is exceptional? It is!

If a regular peanutbutter cup wasn't good enough for you, and you've always wanted it embedded in a milk chocolate bar, you have your wish!"
Chocolate,초콜릿 바 (Bars),Compartes Chocolatier,California,,,,,"Compartes Pink Elephant, 3oz",3oz,89,14.99,16.9,In Stock,,Handmade in LA since 1950,034017442348,55325,https://delaurenti.com/compartes-pink-elephant-3oz-034017442348-55325/,https://cdn.powered-by-nitrosell.com/product_images/26/6472/thumb-Compartes%20Pink%20Elephants.jpg,"With a legacy spanning back to 1950 and a contemporary revival led by visionary chocolatier Jonathan Grahm, Compartés chocolate is meticulously handcrafted by a small team of dedicated chocolatiers and artists. Their creative use of flavor & texture stretches chocolate norms while merging the realms of art, style, design & fashion. Did we mention the chocolate is exceptional? It is!

Compartes Animal Cookies Dark Chocolate Bar with Animal Cookies! These bars combine their signature dark chocolate with the iconic animal cookies and sprinkles that will for sure take you back to your childhood."
Chocolate,초콜릿 바 (Bars),Compartes Chocolatier,,,,,,"Compartes Pistachio Gelato, 3oz",3oz,89,13.99,15.77,Out of Stock,,Handmade in LA since 1950,034017442621,74834,https://delaurenti.com/compartes-pistachio-gelato-3oz-034017442621-74834/,https://cdn.powered-by-nitrosell.com/product_images/26/6472/thumb-Compartes%20Pistachio%20Gelato.jpg,"With a legacy spanning back to 1950 and a contemporary revival led by visionary chocolatier Jonathan Grahm, Compartés chocolate is meticulously handcrafted by a small team of dedicated chocolatiers and artists. Their creative use of flavor & texture stretches chocolate norms while merging the realms of art, style, design & fashion. Did we mention the chocolate is exceptional? It is!

Just like the real thing with a higher melting point! Creamy white chocolate with salty pistachios - skip the spoon!"
Chocolate,초콜릿 바 (Bars),Compartes Chocolatier,,,,,,"Compartes Potato Chip Crisp, 3oz",3oz,89,14.99,16.9,In Stock,,Handmade in LA since 1950,034017442430,69931,https://delaurenti.com/compartes-potato-chip-crisp-3oz-034017442430-69931/,https://cdn.powered-by-nitrosell.com/product_images/26/6472/thumb-Compartes%20Potato%20Crisp.jpg,"With a legacy spanning back to 1950 and a contemporary revival led by visionary chocolatier Jonathan Grahm, Compartés chocolate is meticulously handcrafted by a small team of dedicated chocolatiers and artists. Their creative use of flavor & texture stretches chocolate norms while merging the realms of art, style, design & fashion. Did we mention the chocolate is exceptional? It is!

This bar might be the only way you can be eating milk chocolate & potato chips at the same time while still maintaining your dignity. Do it and hold your head high!"
Chocolate,초콜릿 바 (Bars),Compartes Chocolatier,California,,,,,"Compartes Raspberry Rose, 3oz",3oz,89,14.99,16.9,In Stock,,Handmade in LA since 1950,034017442478,55535,https://delaurenti.com/compartes-raspberry-rose-3oz-034017442478-55535/,https://cdn.powered-by-nitrosell.com/product_images/26/6472/thumb-Compartes%20Raspberry%20Rose.jpg,"With a legacy spanning back to 1950 and a contemporary revival led by visionary chocolatier Jonathan Grahm, Compartés chocolate is meticulously handcrafted by a small team of dedicated chocolatiers and artists. Their creative use of flavor & texture stretches chocolate norms while merging the realms of art, style, design & fashion. Did we mention the chocolate is exceptional? It is!

Compartés Raspberry Rose dark chocolate bar! Their signature 73% dark chocolate and Raspberries, and infused with Rose. This beautiful chocolate bar is the perfect balance of floral, sweet, tart, and tangy flavors!"
Chocolate,초콜릿 바 (Bars),Compartes Chocolatier,,,,,,"Compartes Red Velvet, 3oz",3oz,89,13.99,15.77,Out of Stock,,Handmade in LA since 1950,034017444205,69930,https://delaurenti.com/compartes-red-velvet-3oz-034017444205-69930/,https://cdn.powered-by-nitrosell.com/product_images/26/6472/thumb-Compartes%20Red%20Velvet.jpg,"With a legacy spanning back to 1950 and a contemporary revival led by visionary chocolatier Jonathan Grahm, Compartés chocolate is meticulously handcrafted by a small team of dedicated chocolatiers and artists. Their creative use of flavor & texture stretches chocolate norms while merging the realms of art, style, design & fashion. Did we mention the chocolate is exceptional? It is!

Chocolate...cake...chocolate...cake...oh to decide. Ok, I'll have both please."
Chocolate,초콜릿 바 (Bars),Compartes Chocolatier,,,,,,"Compartes Rice Crispy, 3oz",3oz,89,14.99,16.9,In Stock,,Handmade in LA since 1950,034017443055,73637,https://delaurenti.com/compartes-rice-crispy-3oz-034017443055-73637/,https://cdn.powered-by-nitrosell.com/product_images/26/6472/thumb-Compartes%20Rice%20Crispy%20Treat.jpg,"With a legacy spanning back to 1950 and a contemporary revival led by visionary chocolatier Jonathan Grahm, Compartés chocolate is meticulously handcrafted by a small team of dedicated chocolatiers and artists. Their creative use of flavor & texture stretches chocolate norms while merging the realms of art, style, design & fashion. Did we mention the chocolate is exceptional? It is!"
Chocolate,초콜릿 바 (Bars),Compartes Chocolatier,California,,,,,"Compartes Rose Wine, 3oz",3oz,89,14.99,16.9,In Stock,,Handmade in LA since 1950,034017442164,56725,https://delaurenti.com/compartes-rose-wine-3oz-034017442164-56725/,https://cdn.powered-by-nitrosell.com/product_images/26/6472/thumb-Compartes%20Rose%20Wine.jpg,"With a legacy spanning back to 1950 and a contemporary revival led by visionary chocolatier Jonathan Grahm, Compartés chocolate is meticulously handcrafted by a small team of dedicated chocolatiers and artists. Their creative use of flavor & texture stretches chocolate norms while merging the realms of art, style, design & fashion. Did we mention the chocolate is exceptional? It is!

Eat this bar and feel free to drive your car! Enjoy some white chocolate and a hint of rose without feeling like you need to take a nap at 3pm!"
Chocolate,"트러플/봉봉/프랄린 (Truffles, Bonbons & Pralines)",Compartes Chocolatier,,,,,,"Compartes Salted Caramel, 3oz",3oz,89,14.99,16.9,In Stock,,Handmade in LA since 1950,034017442423,58285,https://delaurenti.com/compartes-salted-caramel-3oz-034017442423-58285/,https://cdn.powered-by-nitrosell.com/product_images/26/6472/thumb-Compartes%20Caramel%20Crunch.jpg,"With a legacy spanning back to 1950 and a contemporary revival led by visionary chocolatier Jonathan Grahm, Compartés chocolate is meticulously handcrafted by a small team of dedicated chocolatiers and artists. Their creative use of flavor & texture stretches chocolate norms while merging the realms of art, style, design & fashion. Did we mention the chocolate is exceptional? It is!

This bar is a no brainer. Dark chocolate and sweet, buttery, salty, caramel-ee caramel...please everyone, get this bar."
Chocolate,초콜릿 바 (Bars),Compartes Chocolatier,California,,,,,"Compartes Salted Pistachio, 3oz",3oz,89,14.99,16.9,In Stock,,Handmade in LA since 1950,034017442492,59694,https://delaurenti.com/compartes-salted-pistachio-3oz-034017442492-59694/,https://cdn.powered-by-nitrosell.com/product_images/26/6472/thumb-Compartes%20Salted%20Pistachio.jpg,"With a legacy spanning back to 1950 and a contemporary revival led by visionary chocolatier Jonathan Grahm, Compartés chocolate is meticulously handcrafted by a small team of dedicated chocolatiers and artists. Their creative use of flavor & texture stretches chocolate norms while merging the realms of art, style, design & fashion. Did we mention the chocolate is exceptional? It is!

Compartés salted Pistachio dark chocolate bar blends roasted jumbo pistachios which are studded into their dark chocolate. It is then finished with a sprinkling with sea salt. Perfect for a sweet/salty treat!"
Chocolate,초콜릿 바 (Bars),Compartes Chocolatier,,,,,,"Compartes Scones n' Jam, 3oz",3oz,89,14.99,16.9,In Stock,,Handmade in LA since 1950,034017442461,74578,https://delaurenti.com/compartes-scones-n-jam-3oz-034017442461-74578/,https://cdn.powered-by-nitrosell.com/product_images/26/6472/thumb-Compartes%20Scones%20%26%20Jam.jpg,"With a legacy spanning back to 1950 and a contemporary revival led by visionary chocolatier Jonathan Grahm, Compartés chocolate is meticulously handcrafted by a small team of dedicated chocolatiers and artists. Their creative use of flavor & texture stretches chocolate norms while merging the realms of art, style, design & fashion. Did we mention the chocolate is exceptional? It is!

If crispy snacky things & fruity things both go well in chocolate, why not add both? This bar does. Milk chocolate and buttery bits of scones & jam are greater than the sum of their parts!"
Chocolate,초콜릿 바 (Bars),Compartes Chocolatier,,,,,,"Compartes Strawberry Cheesecake, 3oz",3oz,89,13.99,15.77,In Stock,,Handmade in LA since 1950,0340174433140,72272,https://delaurenti.com/compartes-strawberry-cheesecake-3oz-0021545445-72272/,https://cdn.powered-by-nitrosell.com/product_images/26/6472/thumb-Compartes%20Strawberry%20Cheesecake.jpg,"With a legacy spanning back to 1950 and a contemporary revival led by visionary chocolatier Jonathan Grahm, Compartés chocolate is meticulously handcrafted by a small team of dedicated chocolatiers and artists. Their creative use of flavor & texture stretches chocolate norms while merging the realms of art, style, design & fashion. Did we mention the chocolate is exceptional? It is!

This bar is a cheesecake in your palm without the mess and without the shame. Get ready to dig into some top notch white chocolate studded with creamy rich strawberry cheesecake graham cracker crust crumble!"
Chocolate,초콜릿 바 (Bars),Compartes Chocolatier,California,,,,,"Compartes Strawberry Shortcake, 3oz",3oz,89,14.99,16.9,In Stock,,Handmade in LA since 1950,034017442379,57888,https://delaurenti.com/compartes-strawberry-shortcake-3oz-034017442379-57888/,https://cdn.powered-by-nitrosell.com/product_images/26/6472/thumb-Compartes%20Strawberry%20Shortcake.jpg,"With a legacy spanning back to 1950 and a contemporary revival led by visionary chocolatier Jonathan Grahm, Compartés chocolate is meticulously handcrafted by a small team of dedicated chocolatiers and artists. Their creative use of flavor & texture stretches chocolate norms while merging the realms of art, style, design & fashion. Did we mention the chocolate is exceptional? It is!

Compartés Strawberry Shortcake is a white chocolate bar packed full of strawberries and chunks of airy homemade shortcake."
Chocolate,초콜릿 바 (Bars),Compartes Chocolatier,California,,,,,"Compartes The Drive In, 3oz",3oz,89,14.99,16.9,In Stock,,Handmade in LA since 1950,034017442072,57516,https://delaurenti.com/compartes-the-drive-in-3oz-034017442072-57516/,https://cdn.powered-by-nitrosell.com/product_images/26/6472/thumb-Compartes%20The%20Drive%20In.jpg,"With a legacy spanning back to 1950 and a contemporary revival led by visionary chocolatier Jonathan Grahm, Compartés chocolate is meticulously handcrafted by a small team of dedicated chocolatiers and artists. Their creative use of flavor & texture stretches chocolate norms while merging the realms of art, style, design & fashion. Did we mention the chocolate is exceptional? It is!

Compartés milk chocolate and popcorn Drive In bar takes you to the movie theatre with just one bite. Made with their traditional candy corn, kettle corn and caramelized movie popcorn. For those of you who dump a box of chocolate in your popcorn at the movies!"
Chocolate,초콜릿 바 (Bars),Compartes Chocolatier,California,,,,,"Compartes Vanilla Bean Bar, 3oz",3oz,89,14.99,16.9,In Stock,,Handmade in LA since 1950,034017442690,74836,https://delaurenti.com/compartes-vanilla-bean-bar-3oz-034017442690-74836/,https://cdn.powered-by-nitrosell.com/product_images/26/6472/thumb-Compartes%20Vanilla%20Bean.jpg,"With a legacy spanning back to 1950 and a contemporary revival led by visionary chocolatier Jonathan Grahm, Compartés chocolate is meticulously handcrafted by a small team of dedicated chocolatiers and artists. Their creative use of flavor & texture stretches chocolate norms while merging the realms of art, style, design & fashion. Did we mention the chocolate is exceptional? It is!

This bar is made with 4 different types of vanilla beans for an incredible vanilla flavor that you can literally see in each bite. Tons of flecks of vanilla beans throughout this gorgeous cream/white palm tree patterned design makes this bar too good to pass up!"
Chocolate,초콜릿 코팅 견과/과일 (Chocolate-Covered Nuts & Fruit),Compartes Chocolatier,California,,,,,"Compartes Wild Cherry Dark Chocolate, 3oz",3oz,89,14.99,16.9,In Stock,,Handmade in LA since 1950,034017442744,73209,https://delaurenti.com/compartes-wild-cherry-dark-chocolate-3oz-034017442744-73209/,https://cdn.powered-by-nitrosell.com/product_images/26/6472/thumb-Compartes%20Wild%20Cherry.jpg,"With a legacy spanning back to 1950 and a contemporary revival led by visionary chocolatier Jonathan Grahm, Compartés chocolate is meticulously handcrafted by a small team of dedicated chocolatiers and artists. Their creative use of flavor & texture stretches chocolate norms while merging the realms of art, style, design & fashion. Did we mention the chocolate is exceptional? It is!

Simply put, this bar is for people who love fruit in their chocolate, particularly cherries. Sweet, but not too sweet, fruity & tart. This is your bar."
Chocolate,초콜릿 바 (Bars),Nearynogs,Ireland,,,,,"Nearynogs Old Fashioned 70%, 60g",60g,,13.99,,Out of Stock,,"Orange bitters, burnt sugar & Irish Whiskey",781005716997,75376,https://delaurenti.com/nearynogs-old-fashioned-70-60g-781005716997-75376/,https://cdn.powered-by-nitrosell.com/product_images/26/6472/thumb-Nearynogs%20Old%20Fashioned.jpg,"NearyNógs Stoneground Chocolate is Northern Ireland's first bean to bar, craft chocolate makers. They ethically source single origin, speciality Cacao Beans from farms in Central America, South America, the Caribbean islands & West Africa. They aim to showcase the amazing origin flavours and tasting notes in every cacao bean origin and do so without additives, emulsifiers or artificial flavouring. Cocktail anyone? Thought so. Their Old Fashioned Bar is just that - a unique combination of 70% Ecuador chocolate, burnt sugar, orange bitters & Irish whiskey!"
Chocolate,초콜릿 바 (Bars),Nearynogs,Ireland,,,,,"Nearynogs Salty Water Days 60%, 60g",60g,,13.99,,Out of Stock,,"Irish sea salt, cacao nibs & gold dust",781005716980,75379,https://delaurenti.com/nearynogs-salty-water-days-60-60g-781005716980-75379/,https://cdn.powered-by-nitrosell.com/product_images/26/6472/thumb-Nearynogs%20Salt%20Water%20Days.jpg,"NearyNógs Stoneground Chocolate is Northern Ireland's first bean to bar, craft chocolate makers. They ethically source single origin, speciality Cacao Beans from farms in Central America, South America, the Caribbean islands & West Africa. They aim to showcase the amazing origin flavours and tasting notes in every cacao bean origin and do so without additives, emulsifiers or artificial flavouring. Their Irish sea salt bar has...Irish Sea Salt, crushed cacao nibs & gold dust! All of these flavors compliment the gentle 60% Ecuador, hacienda Limon chocolate."
Chocolate,초콜릿 바 (Bars),Nearynogs,Ireland,,,,,"Nearynogs Soda Bread 60%, 60g",60g,,13.99,,In Stock,,"Traditional Irish Soda Bread, lightly toasted, in Ecuador Chocolate",781005716027,75380,https://delaurenti.com/nearynogs-soda-bread-60-60g-781005716027-75380/,https://cdn.powered-by-nitrosell.com/product_images/26/6472/thumb-Nearynogs%20Soda%20Bread.jpg,"NearyNógs Stoneground Chocolate is Northern Ireland's first bean to bar, craft chocolate makers. They ethically source single origin, speciality Cacao Beans from farms in Central America, South America, the Caribbean islands & West Africa. They aim to showcase the amazing origin flavours and tasting notes in every cacao bean origin and do so without additives, emulsifiers or artificial flavouring. Their Soda Bread bar has traditional Irish soda bread, gently toasted and crushed into big & little bits, then swirled into our 60% Togo, Kekeli chocolate. A lovely crunchy chocolate bar that melts in your mouth!"
Chocolate,사탕/캔디 (Candy & Confections),Confectionately Yours,Seattle,,,,,"Confectionately Yours English Toffee, 8oz",8oz,237,16.99,7.18,In Stock,,,114500000032,52306,https://delaurenti.com/confectionately-yours-english-toffee-8oz-114500000032-52306/,https://cdn.powered-by-nitrosell.com/product_images/26/6472/thumb-Confectionally%20Yours%20Update.jpg,"Made with loving care right here in Seattle by our great friend Sweet Sue - this recipe dates back over 50 years. If you don't believe us, ask anyone who has been lucky enough to be at DeLaurenti when Sweet Sue is kind enough to come down and sample her amazing toffee!! Made by hand using only the finest ingredients, it is easily the best toffee you will ever eat!!"
Chocolate,초콜릿 바 (Bars),Raaka,New York,,,,,"Raaka Strawberry Coconut 80% Bar, 1.8oz",1.8oz,53,9.99,18.77,In Stock,,,850002567557,70945,https://delaurenti.com/raaka-strawberry-coconut-80-bar-18oz-850002567557-70945/,https://cdn.powered-by-nitrosell.com/product_images/26/6472/thumb-Raaka%20Pure%20Cacao%20%26%20Strawberry.jpg,"A super dark chocolate with an easy, ice cream-like melt. We make this bar with unsweetened Tanzanian cacao from Kokoa Kamili, freeze dried strawberries, and shredded coconut and that's it! At 80% cacao, this bar is strong, bright, and more tart than sweet. This bar contains no added sugars or sweeteners. Despite being an 80% bar, it is closest in flavor to our 100% cacao bar."
Chocolate,초콜릿 바 (Bars),Spinnaker,Seattle,,,,,"Spinnaker Belize 70% w/Bourbon, 57g",57g,,14.99,,In Stock,,,850040361094,71378,https://delaurenti.com/spinnaker-belize-70-w-bourbon-57g-850040361094-71378/,https://cdn.powered-by-nitrosell.com/product_images/26/6472/thumb-Spinnaker%2070%25%20Belize%20Bourbon%20Update.jpg,"Family-owned and operated in Seattle, Spinnaker has been a DeLaurenti customer & staff favorite for years. Booze and chocolate people unite. This bar features Maya Mountain Belize cacao infused with 100 proof bourbon whiskey from 2BAR."
Chocolate,기타 초콜릿 (Other),Spinnaker,Seattle,,,,,"Spinnaker Belize with Chocolate Nibs & Sea Salt, 57g",57g,,14.99,,In Stock,,,850040361056,73627,https://delaurenti.com/spinnaker-belize-with-chocolate-nibs-sea-salt-57g-850040361056-73627/,https://cdn.powered-by-nitrosell.com/product_images/26/6472/thumb-Spinnaker%2070%25%20Belize%20Nibs%20Update.jpg,"Family-owned and operated in Seattle, Spinnaker has been a DeLaurenti customer & staff favorite for years. This 70% Single-origin Belize bar is studded with local Jacobsen sea salt and crunchy cacoa nibs."
Chocolate,초콜릿 바 (Bars),Spinnaker,Seattle,,,,,"Spinnaker Colombia 70% w/Ghost Chili, 57g",57g,,14.99,,In Stock,,,850040361193,73628,https://delaurenti.com/spinnaker-colombia-70-w-ghost-chili-57g-850040361193-73628/,https://cdn.powered-by-nitrosell.com/product_images/26/6472/thumb-Spinnaker%2070%25%20Chili%20Update.jpg,"Family-owned and operated in Seattle, Spinnaker has been a DeLaurenti customer & staff favorite for years.This 70% single origin Colombia bar is dark and fudgy with a strong kick of spicy, ghost-chili-infused salt!"
Chocolate,초콜릿 바 (Bars),Spinnaker,Seattle,,,,,"Spinnaker Colombia 70%, 57g",57g,,14.99,,In Stock,,,850040361124,74161,https://delaurenti.com/spinnaker-colombia-70-57g-850040361124-74161/,https://cdn.powered-by-nitrosell.com/product_images/26/6472/thumb-Spinnaker%2085%25%20Colombia%20Update.jpg,"Family-owned and operated in Seattle, Spinnaker has been a DeLaurenti customer & staff favorite for years. This 85% Single-origin bar is reserved for the serious chocolate purest. Although it is 85% cacao, the Colombian neans are mild, delicious and wonderfully rich."
Chocolate,초콜릿 바 (Bars),Spinnaker,Seattle,,,,,"Spinnaker Madagascar 58% Dark Milk, 57g",57g,,14.99,,In Stock,,,850040361070,71675,https://delaurenti.com/spinnaker-madagascar-58-dark-milk-57g-850040361070-71675/,https://cdn.powered-by-nitrosell.com/product_images/26/6472/thumb-Spinnaker%2058%25%20Madagascar%20Dark%20Milk%20Update.jpg,"Family-owned and operated in Seattle, Spinnaker has been a DeLaurenti customer & staff favorite for years. This 58% dark milk Madagascar bar is sweet, divine & malted with hints of caramel. 2023 International Chocolate Awards - Silver!"
Chocolate,초콜릿 바 (Bars),Spinnaker,Seattle,,,,,"Spinnaker Madagascar 70% w/Sea Salt, 57g",57g,,14.99,,In Stock,,,850040361018,71379,https://delaurenti.com/spinnaker-madagascar-70-w-sea-salt-57g-850040361018-71379/,https://cdn.powered-by-nitrosell.com/product_images/26/6472/thumb-Spinnaker%2070%25%20Madagasca%20Salt%20Update.jpg,"Bright, berry-forward 70% Madagascar cacao finished with a crunchy sprinkle of sea salt - balanced, not too sweet. A 2022 Academy of Chocolate Silver Award winner from Seattle’s bean-to-bar Spinnaker Chocolate. Smooth texture with a pleasant snap."
Chocolate,초콜릿 바 (Bars),Spinnaker,Seattle,,,,,"Spinnaker Tanzania 70%, 57g",57g,,14.99,,In Stock,,,850040361117,73626,https://delaurenti.com/spinnaker-tanzania-70-57g-850040361117-73626/,https://cdn.powered-by-nitrosell.com/product_images/26/6472/thumb-Spinnaker%2070%25%20Tanzania%20Update.jpg,"Family-owned and operated in Seattle, Spinnaker has been a DeLaurenti customer & staff favorite for years. Their 70% Single Origin Uganda bar fruity an lush. If you like tropical fruit like mangos or papayas, this is your bar!"
Chocolate,초콜릿 바 (Bars),Spinnaker,Seattle,,,,,"Spinnaker Uganda 70%, 57g",57g,,14.99,,In Stock,,,850040361087,73842,https://delaurenti.com/spinnaker-uganda-70-57g-850040361087-73842/,https://cdn.powered-by-nitrosell.com/product_images/26/6472/thumb-Spinnaker%2070%25%20Uganda%20Update.jpg,"Family-owned and operated in Seattle, Spinnaker has been a DeLaurenti customer & staff favorite for years. This 70% single origin Uganda bar has deep, chocolatey notes without a single hint of bitterness. About as classic of a dark chocolate as you can get. 2022 Academy Of Chocolate Bronze Winner!"
Chocolate,초콜릿 바 (Bars),To'ak,Equador,,,,,"To'ak Alchemy 65% Chocolate Rocks, 50g",50g,,9.99,,In Stock,,,850070486057,78043,https://delaurenti.com/toak-alchemy-65-chocolate-rocks-50g-850070486057-78043/,https://cdn.powered-by-nitrosell.com/product_images/26/6472/thumb-Toak%20Rocks%2065.jpg,"To’ak Chocolate is renowned for making some of the rarest and most expensive chocolates in the world using the heirloom Nacional variety of cacao.

Welcome to your new chocolate fix. Made from unconched, untempered, deforestation-free cacao, Rocks are snackable 65% cacao bites.

Rocks are made with just two premium ingredients: regenerative cacao and organic cane sugar. Crafted from young Nacional cacao trees cultivated in the Ecuadorian rainforest, these crumbly cacao bites carry the same flavor DNA as the rest of our chocolate, including our Master Series edition. With Rocks, experience the luxury of To'ak chocolate—with a little playfulness."
Chocolate,초콜릿 바 (Bars),,Equador,,,,,"To'ak Alchemy Amazonian Ants, 56g",56g,,17.99,,In Stock,,65% dark chocolate with....LEMON ANTS!,850014211776,72385,https://delaurenti.com/toak-alchemy-amazonian-ants-56g-850014211776-72385/,https://cdn.powered-by-nitrosell.com/product_images/26/6472/thumb-Toak%20Ants.jpg,"To’ak Chocolate is renowned for making some of the rarest and most expensive chocolates in the world using the heirloom Nacional variety of cacao.

This bar is part of their Alchemy Selection - a limited edition series of imaginatively flavored chocolate bars. The collection takes you on a journey through the unique culinary traditions and rare ingredients of four vital ecosystems in tropical South America: the Amazon rainforest, Andes mountains, Pacific coast, and Galapagos Islands. These expertly crafted dark chocolates have a 65% cocoa content and are infused with an array of unique flavorings.

This bar is not only the most unique chocolate bar we carry, it might be the most unique product in the store. To answer your question...yes, it does have ants in it. Specifically Lemon Ants, a surprising ingredient used by native Amazonian communities to flavor many dishes. Endowed with a delicate citronella aroma, this unique recipe of chocolate with ants will delight the most refined & adventurous palates. Or...it's great to use as a dare!"
Chocolate,초콜릿 바 (Bars),To'ak,Equador,,,,,"To'ak Alchemy Andean Mints, 56g",56g,,17.99,,In Stock,,65% dark chocolate with medicinal mint!,850014211813,72386,https://delaurenti.com/toak-alchemy-andean-mints-56g-850014211813-72386/,https://cdn.powered-by-nitrosell.com/product_images/26/6472/thumb-Toak%20Mint.jpg,"To’ak Chocolate is renowned for making some of the rarest and most expensive chocolates in the world using the heirloom Nacional variety of cacao.

This bar is part of their Alchemy Selection - a limited edition series of imaginatively flavored chocolate bars. The collection takes you on a journey through the unique culinary traditions and rare ingredients of four vital ecosystems in tropical South America: the Amazon rainforest, Andes mountains, Pacific coast, and Galapagos Islands. These expertly crafted dark chocolates have a 65% cocoa content and are infused with an array of unique flavorings.

This bar is a unique reflection of the rich sensations and aromas of medicinal mints that grow in the Andes regiona, including Ecuadorian Tipo, Peruvian Muna, Sunfo & Yerbabuena. Cool, clean & refreshing!"
Chocolate,"트러플/봉봉/프랄린 (Truffles, Bonbons & Pralines)",To'ak,Equador,,,,,"To'ak Alchemy Caramelized Pop Amaranth, 56g",56g,,17.99,,In Stock,,65% dark chocolate with popped amaranth!,850014211752,72387,https://delaurenti.com/toak-alchemy-caramelized-pop-amaranth-56g-850014211752-72387/,https://cdn.powered-by-nitrosell.com/product_images/26/6472/thumb-Toak%20Pop%20Amareth.jpg,"To’ak Chocolate is renowned for making some of the rarest and most expensive chocolates in the world using the heirloom Nacional variety of cacao.

This bar is part of their Alchemy Selection - a limited edition series of imaginatively flavored chocolate bars. The collection takes you on a journey through the unique culinary traditions and rare ingredients of four vital ecosystems in tropical South America: the Amazon rainforest, Andes mountains, Pacific coast, and Galapagos Islands. These expertly crafted dark chocolates have a 65% cocoa content and are infused with an array of unique flavorings.

Popped amaranth is a traditional sweet treat found at the roadside stands in Ecuador. In this bar, roasted, popped amaranth, a protein-rich Andean superfood, is covered with caramel & a delicate layer of cocao butter. Popped seeds are an ancestral preparation in the homeland of cacao."
Chocolate,초콜릿 바 (Bars),To'ak,Equador,,,,,"To'ak Alchemy Malva Flowers, 56g",56g,,17.99,,In Stock,,65% dark chocolate with floral malva flower!,850014211745,72389,https://delaurenti.com/toak-alchemy-malva-flowers-56g-850014211745-72389/,https://cdn.powered-by-nitrosell.com/product_images/26/6472/thumb-Toak%20Flowers.jpg,"To’ak Chocolate is renowned for making some of the rarest and most expensive chocolates in the world using the heirloom Nacional variety of cacao.

This bar is part of their Alchemy Selection - a limited edition series of imaginatively flavored chocolate bars. The collection takes you on a journey through the unique culinary traditions and rare ingredients of four vital ecosystems in tropical South America: the Amazon rainforest, Andes mountains, Pacific coast, and Galapagos Islands. These expertly crafted dark chocolates have a 65% cocoa content and are infused with an array of unique flavorings.

Malva olorosa is an aphrodisiac and carminative medicinal plant from the pharmacopeia of ancestral Andean cultures. This bar will surprise you with its delicate but potent floral bouquet!"
Chocolate,초콜릿 바 (Bars),To'ak,Equador,,,,,"To'ak Alchemy Rainforest Nuts, 56g",56g,,17.99,,In Stock,,65% dark chocolate - 4 corners...each with a different indigenous nut variety!,850014211806,72390,https://delaurenti.com/toak-alchemy-rainforest-nuts-56g-850014211806-72390/,https://cdn.powered-by-nitrosell.com/product_images/26/6472/thumb-Toak%20Rainforest%20Nuts.jpg,"To’ak Chocolate is renowned for making some of the rarest and most expensive chocolates in the world using the heirloom Nacional variety of cacao.

This bar is part of their Alchemy Selection - a limited edition series of imaginatively flavored chocolate bars. The collection takes you on a journey through the unique culinary traditions and rare ingredients of four vital ecosystems in tropical South America: the Amazon rainforest, Andes mountains, Pacific coast, and Galapagos Islands. These expertly crafted dark chocolates have a 65% cocoa content and are infused with an array of unique flavorings.

This bar is an exploration of the rare nuts from the tropical forests of South America, ranging from the Andean foothills to the Amazon rainforest. This edition includes four different chocolates, each with a different inclusion: Cacay, Macambo, Sacha Inchi and Shuar Peanuts."
Chocolate,초콜릿 바 (Bars),To'ak,Equador,,,,,"To'ak Alchemy Salprieta Peanuts, 56g",56g,,17.99,,In Stock,,65% dark chocolate with Ecuadorian Salprieta Peanuts!,850014211769,72391,https://delaurenti.com/toak-alchemy-salprieta-peanuts-56g-850014211769-72391/,https://cdn.powered-by-nitrosell.com/product_images/26/6472/thumb-Toak%20Peanuts.jpg,"To’ak Chocolate is renowned for making some of the rarest and most expensive chocolates in the world using the heirloom Nacional variety of cacao.

This bar is part of their Alchemy Selection - a limited edition series of imaginatively flavored chocolate bars. The collection takes you on a journey through the unique culinary traditions and rare ingredients of four vital ecosystems in tropical South America: the Amazon rainforest, Andes mountains, Pacific coast, and Galapagos Islands. These expertly crafted dark chocolates have a 65% cocoa content and are infused with an array of unique flavorings.

Dare we say this bar is a journey to the gastronomic landscape of To'ak? Sounds dramatic, but yes, we dare! Salprieta is a peanut-based ancestral preparation on the Pacific coast of Ecuador - the land where To'ak chocolate was born. If peanuts & chocolate are a match made in heaven, this bar is next level!"
Chocolate,초콜릿 바 (Bars),To'ak,Equador,,,,,"To'ak Alchemy Umami Tucupi, 56g",56g,,17.99,,In Stock,,"65% dark chocolate with Tucupi, ""Amazonian Miso!""",850014211783,72392,https://delaurenti.com/toak-alchemy-umami-tucupi-56g-850014211783-72392/,https://cdn.powered-by-nitrosell.com/product_images/26/6472/thumb-Toak%20Spicy.jpg,"To’ak Chocolate is renowned for making some of the rarest and most expensive chocolates in the world using the heirloom Nacional variety of cacao.

This bar is part of their Alchemy Selection - a limited edition series of imaginatively flavored chocolate bars. The collection takes you on a journey through the unique culinary traditions and rare ingredients of four vital ecosystems in tropical South America: the Amazon rainforest, Andes mountains, Pacific coast, and Galapagos Islands. These expertly crafted dark chocolates have a 65% cocoa content and are infused with an array of unique flavorings.

Tucupi is an essential condiment in Amazonian gastronomy linked to the preparation of cassava (yuca) bread. It brings a rich, spicy, and umami flavor that can be described as ""Amazonian miso."" We love chocolate & we love miso. This bar is unlike anything you've tasted!"
Chocolate,초콜릿 바 (Bars),Casa Bosques,Mexico,,,,,"Casa Bosques 74% Bar, 60g",60g,,17.99,,In Stock,,,114500000005,74389,https://delaurenti.com/casa-bosques-74-bar-60g-114500000005-74389/,https://cdn.powered-by-nitrosell.com/product_images/26/6472/thumb-Casa%20Bosques%20Pure%20Dark%2074.jpg,"Casa Bosques is founded on the exploration of the history, methods, origins, & culture of chocolate.From tree to bar, Casa Bosques crafts chocolate with the same care as the farmers tending and harvesting each heirloom bean. They source from small ranches throughout México, primarily from one single smallholder ranch in the southern region of Pichucalco, Chiapas, Mexico. This bar is their pure original: simple but not so simple 74% dark chocolate made with organic cacao criollo."
Chocolate,초콜릿 바 (Bars),Casa Bosques,Mexico,,,,,"Casa Bosques Cardamom Bar, 60g",60g,,17.99,,In Stock,,,850076574024,74391,https://delaurenti.com/casa-bosques-cardamom-bar-60g-850076574024-74391/,https://cdn.powered-by-nitrosell.com/product_images/26/6472/thumb-Casa%20Bosques%20Cardamom%2070.jpg,"Casa Bosques is founded on the exploration of the history, methods, origins, & culture of chocolate.From tree to bar, Casa Bosques crafts chocolate with the same care as the farmers tending and harvesting each heirloom bean. They source from small ranches throughout México, primarily from one single smallholder ranch in the southern region of Pichucalco, Chiapas, Mexico. This bar is an aromatic, layered blend of 70% dark Criollo chocolate, elevated with full bodied cardamom. Grounding and warming, think early fall evenings and the comforts of hot tea and homemade fires."
Chocolate,세트/기프트 (Gift & Sets),,Mexico,,,,,"Casa Bosques Chocolate Dominoes Set 74%, 28 Pieces 200g",28Pieces,,58.99,,In Stock,,,114500002235,76322,https://delaurenti.com/casa-bosques-chocolate-dominoes-set-74-28-pieces-200g-114500002235-76322/,https://cdn.powered-by-nitrosell.com/product_images/26/6472/thumb-Dominoes%20Pure%20Dark%2074.jpg,"Casa Bosques is founded on the exploration of the history, methods, origins, & culture of chocolate.From tree to bar, Casa Bosques crafts chocolate with the same care as the farmers tending and harvesting each heirloom bean. They source from small ranches throughout México, primarily from one single smallholder ranch in the southern region of Pichucalco, Chiapas, Mexico.

This is a 28 piece, 74% dark chocolate domino set, made of the finest heirloom cacao and organic cane sugar. If you know a Domino fan, this would be the most absolutely perfect gift!"
Chocolate,"트러플/봉봉/프랄린 (Truffles, Bonbons & Pralines)",,Mexico,,,,,"Casa Bosques Date Caramel 74% Bar, 60g",60g,,19.99,,Out of Stock,,,850076574079,77149,https://delaurenti.com/casa-bosques-date-caramel-74-bar-60g-850076574079-77149/,https://cdn.powered-by-nitrosell.com/product_images/26/6472/thumb-Casa%20Bosques%20Date%20Caramel%2074.jpg,"Casa Bosques is founded on the exploration of the history, methods, origins, & culture of chocolate.From tree to bar, Casa Bosques crafts chocolate with the same care as the farmers tending and harvesting each heirloom bean. They source from small ranches throughout México, primarily from one single smallholder ranch in the southern region of Pichucalco, Chiapas, Mexico.

This bar is not your classic caramel.

Their version is crafted from fresh Medjool dates and cashew cream, slowly macerated together for 24 hours to create a rich, naturally sweet indulgence."
Chocolate,초콜릿 바 (Bars),,Mexico,,,,,"Casa Bosques Dried Fruits 74% Bar, 60g",60g,,19.99,,Out of Stock,,,114500000989,76799,https://delaurenti.com/casa-bosques-dried-fruits-74-bar-60g-114500000989-76799/,https://cdn.powered-by-nitrosell.com/product_images/26/6472/thumb-Casa%20Bosques%20Dried%20Fruits%2074.jpg,"Casa Bosques is founded on the exploration of the history, methods, origins, & culture of chocolate.From tree to bar, Casa Bosques crafts chocolate with the same care as the farmers tending and harvesting each heirloom bean. They source from small ranches throughout México, primarily from one single smallholder ranch in the southern region of Pichucalco, Chiapas, Mexico."
Chocolate,초콜릿 바 (Bars),,Mexico,,,,,"Casa Bosques Enoki & Shimesi 70% Bar, 60g",60g,,19.99,,Out of Stock,,,114500000988,76800,https://delaurenti.com/casa-bosques-enoki-shimesi-70-bar-60g-114500000988-76800/,https://cdn.powered-by-nitrosell.com/product_images/26/6472/thumb-Casa%20Bosques%20Mushrooms.jpg,"Casa Bosques is founded on the exploration of the history, methods, origins, & culture of chocolate.From tree to bar, Casa Bosques crafts chocolate with the same care as the farmers tending and harvesting each heirloom bean. They source from small ranches throughout México, primarily from one single smallholder ranch in the southern region of Pichucalco, Chiapas, Mexico.

This bar is made with white-beaned Criollo Cacao that results in a chocolate of well-defined aromas, hitgh acidity and citric notes. Thanks to the umami from the brown Shimeji and Enoki mushrooms, with their nutty and fruity accents, this is a bar with deep and well-balanced flavors.

Shimeji and Enoki mushrooms have been growing in the forests of Eastern Asia since ancient times. Densely packed with essential nutrients, and antioxidants, they are known for their medicinal properties, often used to boost the immune system."
Chocolate,초콜릿 바 (Bars),,Mexico,,,,,"Casa Bosques Heirloom Cacao Nibs 74% Bar, 60g",60g,,17.99,,In Stock,,,114500003455,74632,https://delaurenti.com/casa-bosques-heirloom-cacao-nibs-74-bar-60g-114500003455-74632/,https://cdn.powered-by-nitrosell.com/product_images/26/6472/thumb-Casa%20Bosques%20Heirloom%20Caco%20nibs.jpg,"Casa Bosques is founded on the exploration of the history, methods, origins, & culture of chocolate.From tree to bar, Casa Bosques crafts chocolate with the same care as the farmers tending and harvesting each heirloom bean. They source from small ranches throughout México, primarily from one single smallholder ranch in the southern region of Pichucalco, Chiapas, Mexico. This bar is their pure original: simple but not so simple 74% dark chocolate made with organic cacao criollo."
Chocolate,초콜릿 바 (Bars),Casa Bosques,Mexico,,,,,"Casa Bosques Pink Peppercorn Bar, 60g",60g,,17.99,,In Stock,,,850076574031,74394,https://delaurenti.com/casa-bosques-pink-peppercorn-bar-60g-850076574031-74394/,https://cdn.powered-by-nitrosell.com/product_images/26/6472/thumb-Casa%20Bosques%20Pink%20Peppercorn%2070.jpg,"Casa Bosques is founded on the exploration of the history, methods, origins, & culture of chocolate. From tree to bar, Casa Bosques crafts chocolate with the same care as the farmers tending and harvesting each heirloom bean. They source from small ranches throughout México, primarily from one single smallholder ranch in the southern region of Pichucalco, Chiapas, Mexico. When dried, the rosy pink peppercorn berry becomes an extraordinary spice, prized for its delicate, almost citric flavor. Blended with our heirloom cacao, the smoky undertones and back notes, resembling Angelica and Juniper, are fragrant in the mouth, presenting a warm, citrus-pine flavor."
Chocolate,초콜릿 바 (Bars),,Mexico,,,,,"Casa Bosques Preserved Orange Gohar 70% Bar, 60g",60g,,23.99,,In Stock,,,114500000065,75309,https://delaurenti.com/casa-bosques-preserved-orange-gohar-70-bar-60g-114500000065-75309/,https://cdn.powered-by-nitrosell.com/product_images/26/6472/thumb-Casa%20Bosques%20Preserved%20Oranges%2070.jpg,"Casa Bosques is founded on the exploration of the history, methods, origins, & culture of chocolate.From tree to bar, Casa Bosques crafts chocolate with the same care as the farmers tending and harvesting each heirloom bean. They source from small ranches throughout México, primarily from one single smallholder ranch in the southern region of Pichucalco, Chiapas, Mexico.

In this bar, vibrant slices of preserved orange paired with aromatic and fruity dark chocolate create an uplifting and open blend. Born of the long standing friendship between Casa Bosques & Gohar World, this collaboration celebrates craft, beauty and time spent together around the table."
Chocolate,초콜릿 바 (Bars),Casa Bosques,Mexico,,,,,"Casa Bosques Sea Salt Bar, 60g",60g,,18.99,,In Stock,,,850076574000,74392,https://delaurenti.com/casa-bosques-sea-salt-bar-60g-850076574000-74392/,https://cdn.powered-by-nitrosell.com/product_images/26/6472/thumb-Casa%20Bosques%20Sea%20Salt%2074.jpg,"Casa Bosques is founded on the exploration of the history, methods, origins, & culture of chocolate.From tree to bar, Casa Bosques crafts chocolate with the same care as the farmers tending and harvesting each heirloom bean. They source from small ranches throughout México, primarily from one single smallholder ranch in the southern region of Pichucalco, Chiapas, Mexico. This bar is their signature 74% Heirloom Cacao, garnished with a touch of the finest fleur du del."
Chocolate,기타 초콜릿 (Other),Casa Bosques,Mexico,,,,,"Casa Bosques Toasted Buckwheat, 60g",60g,,17.99,,In Stock,,,114500000001,74396,https://delaurenti.com/casa-bosques-toasted-buckwheat-60g-114500000001-74396/,https://cdn.powered-by-nitrosell.com/product_images/26/6472/thumb-Casa%20Bosques%20Toasted%20Buckwheat%2074.jpg,"Casa Bosques is founded on the exploration of the history, methods, origins, & culture of chocolate.From tree to bar, Casa Bosques crafts chocolate with the same care as the farmers tending and harvesting each heirloom bean. They source from small ranches throughout México, primarily from one single smallholder ranch in the southern region of Pichucalco, Chiapas, Mexico."
Chocolate,초콜릿 바 (Bars),Ara,,,,,,"Ara Chocolat Amandes and Roses, 70% El Salvador",,,16.99,,Out of Stock,,,788364067609,73363,https://delaurenti.com/ara-chocolat-amandes-and-roses-70-el-salvador-788364067609-73363/,https://cdn.powered-by-nitrosell.com/product_images/26/6472/thumb-Ara%20Amandes.jpg,"Ara Chocolat, founded by a Venezuelan couple, Andrés and Sabrina, is a micro batch Parisian chocolate shop and one of the few bean-to-bar chocolate makers in France. They make chocolates from the beans that their Chef Chocolatier, Andrés, carefully chooses and buys directly from small cocoa growers and cooperatives in Latin America. Porcelana, a strain of the renowned Criollo cocoa variety is the gold standard for chocolate. The beans are a white to violet color reminiscent of pure porcelain, hence the name. This bar strikes the perfect balance between fruity acidity and pleasant bitterness. Earthy & nutty, it is laced with brambly fruit, amazing acidity, subtle sweetness and a melt in your mouth texture. In short, this chocolate is an occasion."
Chocolate,초콜릿 바 (Bars),Ara,,,,,,"Ara Chocolat Bernabe Martinique, 70%",,,16.99,,In Stock,,,788364067548,76957,https://delaurenti.com/ara-chocolat-bernabe-martinique-70-788364067548-76957/,https://cdn.powered-by-nitrosell.com/product_images/26/6472/thumb-Ara%20Bernabe.jpg,"Ara Chocolat, founded by a Venezuelan couple, Andrés and Sabrina, is a micro batch Parisian chocolate shop and one of the few bean-to-bar chocolate makers in France. They make chocolates from the beans that their Chef Chocolatier, Andrés, carefully chooses and buys directly from small cocoa growers and cooperatives in Latin America. Porcelana, a strain of the renowned Criollo cocoa variety is the gold standard for chocolate. The beans are a white to violet color reminiscent of pure porcelain, hence the name. This bar strikes the perfect balance between fruity acidity and pleasant bitterness. Earthy & nutty, it is laced with brambly fruit, amazing acidity, subtle sweetness and a melt in your mouth texture. In short, this chocolate is an occasion."
Chocolate,초콜릿 바 (Bars),,France,,,,,"Ara Chocolat Criollo Rouge 70% Bar, 58g",58g,,19.99,,In Stock,,,788364067500,77238,https://delaurenti.com/ara-chocolat-criollo-rouge-70-bar-58g-788364067500-77238/,https://cdn.powered-by-nitrosell.com/product_images/26/6472/thumb-Ara%20Criollo%20Rouge%2070.jpg,"Ara Chocolat, founded by a Venezuelan couple, Andrés and Sabrina, is a micro batch Parisian chocolate shop and one of the few bean-to-bar chocolate makers in France. They make chocolates from the beans that their Chef Chocolatier, Andrés, carefully chooses and buys directly from small cocoa growers and cooperatives in Latin America. Porcelana, a strain of the renowned Criollo cocoa variety is the gold standard for chocolate. The beans are a white to violet color reminiscent of pure porcelain, hence the name. This bar strikes the perfect balance between fruity acidity and pleasant bitterness. Earthy & nutty, it is laced with brambly fruit, amazing acidity, subtle sweetness and a melt in your mouth texture. In short, this chocolate is an occasion."
Chocolate,초콜릿 바 (Bars),Ara,France,,,,,Ara Chocolat Porcelana 70% Criollo,,,16.99,,In Stock,,,788364067579,71709,https://delaurenti.com/ara-chocolat-porcelana-70-criollo-788364067579-71709/,https://cdn.powered-by-nitrosell.com/product_images/26/6472/thumb-Ara%20Porcelana%20Ven.jpg,"Ara Chocolat, founded by a Venezuelan couple, Andrés and Sabrina, is a micro batch Parisian chocolate shop and one of the few bean-to-bar chocolate makers in France. They make chocolates from the beans that their Chef Chocolatier, Andrés, carefully chooses and buys directly from small cocoa growers and cooperatives in Latin America. Porcelana, a strain of the renowned Criollo cocoa variety is the gold standard for chocolate. The beans are a white to violet color reminiscent of pure porcelain, hence the name. This bar strikes the perfect balance between fruity acidity and pleasant bitterness. Earthy & nutty, it is laced with brambly fruit, amazing acidity, subtle sweetness and a melt in your mouth texture. In short, this chocolate is an occasion."
Chocolate,초콜릿 바 (Bars),Ara,,,,,,"Ara Chocolat Prunes D'agen Sechees, 74% Perou",,,16.99,,In Stock,,,788364067593,73128,https://delaurenti.com/ara-chocolat-prunes-dagen-sechees-74-perou-788364067593-73128/,https://cdn.powered-by-nitrosell.com/product_images/26/6472/thumb-Ara%20Prunes.jpg,"Ara Chocolat, founded by a Venezuelan couple, Andrés and Sabrina, is a micro batch Parisian chocolate shop and one of the few bean-to-bar chocolate makers in France. They make chocolates from the beans that their Chef Chocolatier, Andrés, carefully chooses and buys directly from small cocoa growers and cooperatives in Latin America. Porcelana, a strain of the renowned Criollo cocoa variety is the gold standard for chocolate. The beans are a white to violet color reminiscent of pure porcelain, hence the name. This bar strikes the perfect balance between fruity acidity and pleasant bitterness. Earthy & nutty, it is laced with brambly fruit, amazing acidity, subtle sweetness and a melt in your mouth texture. In short, this chocolate is an occasion."
Chocolate,초콜릿 바 (Bars),Ara,,,,,,"Ara Ocumare Venezuela, 74%",,,16.99,,In Stock,,,788364067654,76958,https://delaurenti.com/ara-ocumare-venezuela-74-788364067654-76958/,https://cdn.powered-by-nitrosell.com/product_images/26/6472/thumb-Ara%20Ocumare%20Ven.jpg,"Ara Chocolat, founded by a Venezuelan couple, Andrés and Sabrina, is a micro batch Parisian chocolate shop and one of the few bean-to-bar chocolate makers in France. They make chocolates from the beans that their Chef Chocolatier, Andrés, carefully chooses and buys directly from small cocoa growers and cooperatives in Latin America. Porcelana, a strain of the renowned Criollo cocoa variety is the gold standard for chocolate. The beans are a white to violet color reminiscent of pure porcelain, hence the name. This bar strikes the perfect balance between fruity acidity and pleasant bitterness. Earthy & nutty, it is laced with brambly fruit, amazing acidity, subtle sweetness and a melt in your mouth texture. In short, this chocolate is an occasion."
Chocolate,초콜릿 바 (Bars),Amedei,Italy,,,,,"Amedei Toscana Latte Milk Chocolate, 50g",50g,,10.99,,In Stock,,,8017490050899,40910,https://delaurenti.com/amedei-toscana-latte-milk-chocolate-50g-8017490050899-40910/,https://cdn.powered-by-nitrosell.com/product_images/26/6472/thumb-Amedei%20Toscano%20Latte.jpg,"Amedei is an award winning company founded by Cecilia Tessieri in Tuscany, Italy. They are producers of some of the finest bean to bar chocolate in the world. Toscano Latte, the founding member of Amedei’s milk chocolate family, is a delicate blend, obtained by combining fine cocoa beans (Madagascar, Ghana and Venezuela) with whole mik from Brittany in Western France. A chocolate with a creamy and naturally sweet taste resulting in an unexpected flavour. An ode to childhood memories."
Chocolate,초콜릿 바 (Bars),Amedei,Italy,,,,,"Amedei Toscano Black 70% Dark Chocolate, 50g",50g,,10.99,,In Stock,,,8017490050868,40365,https://delaurenti.com/amedei-toscano-black-70-dark-chocolate-50g-8017490050868-40365/,https://cdn.powered-by-nitrosell.com/product_images/26/6472/thumb-Amedei%20Toscano%20Black.jpg,"Amedei is an award winning company founded by Cecilia Tessieri in Tuscany, Italy. They are producers of some of the finest bean to bar chocolate in the world. Strong and creamy, the 70% Black Bar has a subtle sweetness and a lasting, clean finish."
Chocolate,"트러플/봉봉/프랄린 (Truffles, Bonbons & Pralines)",Amedei,Italy,,,,,Amedei Toscano Gianduja,,,10.99,,In Stock,,,8017490050943,43426,https://delaurenti.com/amedei-toscano-gianduja-8017490050943-43426/,https://cdn.powered-by-nitrosell.com/product_images/26/6472/thumb-Amedei%20Toscano%20Gianduja.jpg,
Chocolate,초콜릿 바 (Bars),Fossa,Singapore,,,,,"Fossa Bak Kut Teh Bar, 50g",50g,,16.99,,In Stock,,,8881300069377,77653,https://delaurenti.com/fossa-bak-kut-teh-bar-50g-8881300069377-77653/,https://cdn.powered-by-nitrosell.com/product_images/26/6472/thumb-Fossa%20Bak%20Kut%20Teh.jpg,"Fossa is Singapore’s first, and award winning bean to bar chocolate maker. Their unique bars feature ethically sourced ingredients, and subtle, nuanced flavors that draw on the rich agricultural and culinary traditions of the region.

An iconic dish of Singapore, Bak Kut Teh or “meat bone tea” is a hearty stew made with pork ribs and a mix of aromatic spices. The Teochew style popular in Singapore is garlicky and peppery.

Our version is made with a base of fudgy Bolivian cacao from Alto Beni region blended with a powerful spice mix of Sarawak white pepper, Indonesian black pepper, anise, cinnamon and a healthy dose of garlic. It is a heartwarming blend of spice and soul."
Chocolate,"트러플/봉봉/프랄린 (Truffles, Bonbons & Pralines)",Fossa,Singapore,,,,,"Fossa Black Truffle 64% Dark Milk Bar, 50g",50g,,19.99,,In Stock,,,8885022820933,75810,https://delaurenti.com/fossa-black-truffle-64-dark-milk-bar-50g-8881300069919-75810/,https://cdn.powered-by-nitrosell.com/product_images/26/6472/thumb-Fossa%20Black%20Truffle.jpg,"Fossa is Singapore’s first, and award winning bean to bar chocolate maker. Their unique bars feature ethically sourced ingredients, and subtle, nuanced flavors that draw on the rich agricultural and culinary traditions of the region.

This bar has black truffle infused into floral Ecuadorian Costa Esmeraldas dark milk chocolate and mixed with crispy feuilletine - flakes of crushed crêpes dentelle. The result is a rich earthy aroma of truffle with a satisfying crunch!"
Chocolate,초콜릿 바 (Bars),Fossa,Singapore,,,,,"Fossa Cheng Tng Bar, 50g",50g,,16.99,,In Stock,,,8881300069452,77654,https://delaurenti.com/fossa-cheng-tng-bar-50g-8881300069452-77654/,https://cdn.powered-by-nitrosell.com/product_images/26/6472/thumb-Fossa%20Cheng%20Tng.jpg,"Fossa is Singapore’s first, and award winning bean to bar chocolate maker. Their unique bars feature ethically sourced ingredients, and subtle, nuanced flavors that draw on the rich agricultural and culinary traditions of the region.

Cheng Tng (roughly translated to clear soup) is a beloved traditional dessert in hot and humid Singapore. Sweet and refreshing, it is usually made with ingredients with cooling properties such as dried longan, persimmon and candied winter melon.

In this bar, we used a smoky cacao from Pinalum Village located in Malekula Island, Vanuatu. The beans were naturally “smoked” by storing beside wood fire-dried copra, lending a flavour that reminds one of smoked longan. Mixed with a variety of seeds and fruits, the chocolate is nostalgic, and wonderfully soothing — just like the dessert that inspired it."
Chocolate,초콜릿 바 (Bars),Fossa,Singapore,,,,,"Fossa Chrysanthemum Bar, 50g",50g,,16.99,,In Stock,,,8885022820605,69830,https://delaurenti.com/fossa-chrysanthemum-bar-50g-8881300069612-69830/,https://cdn.powered-by-nitrosell.com/product_images/26/6472/thumb-Fossa%20Chrytsanthemum.jpg,"Fossa is Singapore’s first, and award winning bean to bar chocolate maker. Their unique bars feature ethically sourced ingredients, and subtle, nuanced flavors that draw on the rich agricultural and culinary traditions of the region.

Chrysanthemum is a symbol of longevity and rejuvenation. Brewed as a tea, it is believed to have cooling and cleansing properties. Prized chrysanthemum buds sourced from Zhejiang, China, are blended with fruity cacao from Rehoboth Estate, bringing forth elegant floral aroma and notes of honey with a long sweet lingering finish."
Chocolate,초콜릿 바 (Bars),Fossa,Singapore,,,,,"Fossa Da Hong Pao Wuyi Cliff Tea Bar, 50g",50g,,18.99,,Out of Stock,,,8885022820032,78035,https://delaurenti.com/fossa-da-hong-pao-wuyi-cliff-tea-bar-50g-8885022820032-78035/,https://cdn.powered-by-nitrosell.com/product_images/26/6472/thumb-Fossa%20Da%20Hong%20Pao.jpg,"Fossa is Singapore’s first, and award winning bean to bar chocolate maker. Their unique bars feature ethically sourced ingredients, and subtle, nuanced flavors that draw on the rich agricultural and culinary traditions of the region.

Da Hong Pao, the most famous of all Wuyi cliff teas, is a careful blend of specially selected cultivars to create the deep aroma, smooth sweetness and rock-grown character. Rou Gui provides a strong structured body while Jin Mudan and Rui Xiang lift the aroma with fruity-floral fragrance. Two rounds of medium level roasting brought out the depth and complexity of these teas from the Zhengyan core area of Wuyi Mountains.

Paired with creamy and nutty cacao from Triang, Malaysia, the flavour is balanced, layered and richly aromatic."
Chocolate,초콜릿 바 (Bars),Fossa,Singapore,,,,,"Fossa Dancong Duck Sh$t Bar, 50g",50g,,16.99,,In Stock,,,8885022820148,63190,https://delaurenti.com/fossa-dancong-duck-sht-bar-50g-8881300069537-63190/,https://cdn.powered-by-nitrosell.com/product_images/26/6472/thumb-Fossa%20Duck%20Shit%20Dancong.jpg,"Fossa is Singapore’s first, and award winning bean to bar chocolate maker. Their unique bars feature ethically sourced ingredients, and subtle, nuanced flavors that draw on the rich agricultural and culinary traditions of the region.

A collaboration with rare tea curator Pekoe & Imp, this chocolate bar is made with a dancong tea from the Guangdong Province of China, known as Ya Shi Xiang. The name literally translates to “duck sh%t.” Legend has it that the farmer who cultivated the tea intentionally gave it a revolting name in order to hide the secret to his delicious tea. Fortunately, the flavor is nothing like the name suggests. Pleasantly floral on the nose with notes of fruit and malt, don’t make the mistake of judging this chocolate by its cover."
Chocolate,초콜릿 바 (Bars),Fossa,Singapore,,,,,"Fossa Full Bloom 54% Dark Milk Bar, 50g",50g,,16.99,,In Stock,,,8881300069209,76686,https://delaurenti.com/fossa-full-bloom-54-dark-milk-bar-50g-8881300069209-76686/,https://cdn.powered-by-nitrosell.com/product_images/26/6472/thumb-Fossa%20Full%20Bloom.jpg,"Fossa is Singapore’s first, and award winning bean to bar chocolate maker. Their unique bars feature ethically sourced ingredients, and subtle, nuanced flavors that draw on the rich agricultural and culinary traditions of the region.

Full Bloom is a geranium scented creamy dark milk chocolate made with fruity Filipino cacao and adorned with a bed of assorted edible flowers. Treat yourself to this visual and soulful delight!

This is a special collaboration with Lim Joo Huat, a Singaporean third-generation fresh produce wholesale distributor with a legacy dating back to the 1960s. Working directly with farmers, Lim Joo Huat is renown for their top-quality fresh produce."
Chocolate,초콜릿 바 (Bars),Fossa,Singapore,,,,,"Fossa Gardenia Flower Green Tea Bar, 50g",50g,,16.99,,In Stock,,,8885022820308,76687,https://delaurenti.com/fossa-gardenia-flower-green-tea-bar-50g-8881300069223-76687/,https://cdn.powered-by-nitrosell.com/product_images/26/6472/thumb-Fossa%20Gardenia%20Flower%20Green%20Tea.jpg,"Fossa is Singapore’s first, and award winning bean to bar chocolate maker. Their unique bars feature ethically sourced ingredients, and subtle, nuanced flavors that draw on the rich agricultural and culinary traditions of the region.

This bar features green teas of the Fuding Da Bai cultivar infused with Gardenia Flowers from Qianwei country in Sichuan using a traditional floral infusion method. Fresh flowers are layered over tea leaves ina laborious process that is repeated seven times to achieve complex yet delicate floral candy sweetness. Paired with mild Peruvian chocolate, the flavor is refreshing with lingering umami and a creamy texture."
Chocolate,초콜릿 바 (Bars),Fossa,,,,,,"Fossa Honey Orchid Dancong Hongcha Bar, 50g",50g,,16.99,,Out of Stock,,,8881300069513,62812,https://delaurenti.com/fossa-honey-orchid-dancong-hongcha-bar-50g-8881300069513-62812/,https://cdn.powered-by-nitrosell.com/product_images/26/6472/thumb-Fossa%20Honey%20Orchidddddd%20Dancong%20Hongcha.jpg,"Fossa is Singapore’s first, and award winning bean to bar chocolate maker. Their unique bars feature ethically sourced ingredients, and subtle, nuanced flavors that draw on the rich agricultural and culinary traditions of the region.

This bar is a collaboration chocolate with rare tea curator - Pekoe & Imp. Winner of the International Chocolate Awards 2019 Gold Award winner, it has lingering lychee sweetness with a biscuity undertone."
Chocolate,초콜릿 바 (Bars),Fossa,Singapore,,,,,"Fossa Jasmine Green Tea Bar, 50g",50g,,16.99,,Out of Stock,,,8881300069575,63189,https://delaurenti.com/fossa-jasmine-green-tea-bar-50g-8881300069575-63189/,https://cdn.powered-by-nitrosell.com/product_images/26/6472/thumb-Fossa%20Jasmine.jpg,"Fossa is Singapore’s first, and award winning bean to bar chocolate maker. Their unique bars feature ethically sourced ingredients, and subtle, nuanced flavors that draw on the rich agricultural and culinary traditions of the region. This bar is a collaboration with rare tea curator Pekoe & Imp. It is a combination of Bi Tan Piao Xue (traditional Sichuan tea), a top-grade spring harvest green tea, and beautifully fragrant summer jasmine flowers. Made with Peruvian cacao, the result is a delicate & floral chocolate with notes of umami."
Chocolate,초콜릿 바 (Bars),Fossa,Singapore,,,,,"Fossa Lapsang Souchong Wuyi Cliff Tea Bar, 50g",50g,,18.99,,Out of Stock,,,8885022820056,78034,https://delaurenti.com/fossa-lapsang-souchong-wuyi-cliff-tea-bar-50g-8885022820056-78034/,https://cdn.powered-by-nitrosell.com/product_images/26/6472/thumb-Fossa%20Lapsang%20souchong.jpg,"Fossa is Singapore’s first, and award winning bean to bar chocolate maker. Their unique bars feature ethically sourced ingredients, and subtle, nuanced flavors that draw on the rich agricultural and culinary traditions of the region.

Traditional smoked Lapsang Souchong from Guadun Village, one of the twelve natural hamlets of Tongmuguan in Wuyi Mountains at 1200m is one of the world’s first black tea.

Crafted from 120-year-old Wuyi Cai Cha bushes grown among misty cliffs and ancient forests, their deep roots and slow growth produce leaves rich in minerals. Processed in a traditional pine-wood smoke house, it delivers both strength and elegance. Paired with cacao from Semuliki Forest, Uganda, the flavour is bold and aromatic with deep fruity sweetness beneath the smoke."
Chocolate,초콜릿 바 (Bars),Fossa,Singapore,,,,,"Fossa Matcha & Yuzu Bar, 50g",50g,,16.99,,Out of Stock,,,8881300069070,74888,https://delaurenti.com/fossa-matcha-yuzu-bar-50g-8881300069070-74888/,https://cdn.powered-by-nitrosell.com/product_images/26/6472/thumb-Fossa%20Matcha%20Yuzu.jpg,"Fossa is Singapore’s first, and award winning bean to bar chocolate maker. Their unique bars feature ethically sourced ingredients, and subtle, nuanced flavors that draw on the rich agricultural and culinary traditions of the region.

This bar is made with ""Wakatake"" grade matcha -the highest grade of culinary matcha- from Japan’s highly regarded matcha producer, Marukyu Koyamaen. The matcha has a good balance of richness and umami while its bright green colour is a feast for the eyes. Made into a creamy white chocolate and paired with citrusy candied yuzu peels, this makes for the perfect tea time snack."
Chocolate,초콜릿 바 (Bars),Fossa,Singapore,,,,,"Fossa Mu Zha Tie Guan Yin Tea Bar, 50g",50g,,16.99,,In Stock,,,8881300069360,76204,https://delaurenti.com/fossa-mu-zha-tie-guan-yin-tea-bar-50g-8881300069360-76204/,https://cdn.powered-by-nitrosell.com/product_images/26/6472/thumb-Fossa%20Mu%20Zha%20Tie%20Guan%20Yin.jpg,"Fossa is Singapore’s first, and award winning bean to bar chocolate maker. Their unique bars feature ethically sourced ingredients, and subtle, nuanced flavors that draw on the rich agricultural and culinary traditions of the region.

Mu Zha Tie Guan Yin is a Taiwanese roasted oolong tea crafted using a traditional method involving repeated rolling and masterful roasting. The tedious process produces tightly curled leaves that infuse toasty caramel aroma and fruity notes that evolves into a floral sweetness. This bar blends the tea with herbaceous and earthy Ecuadorian cacao from Costa Esmeraldas estate, creating a 62% dark chocolate that is comforting on a chilly day."
Chocolate,"트러플/봉봉/프랄린 (Truffles, Bonbons & Pralines)",Fossa,Singapore,,,,,"Fossa Pineapple Tart Caramelized Chocolate Bar, 50g",50g,,16.99,,In Stock,,,8885022820131,70937,https://delaurenti.com/fossa-pineapple-tart-caramelized-chocolate-bar-50g-8881300069728-70937/,https://cdn.powered-by-nitrosell.com/product_images/26/6472/thumb-Fossa%20Pineapple%20Tart.jpg,"Fossa is Singapore’s first, and award winning bean to bar chocolate maker. Their unique bars feature ethically sourced ingredients, and subtle, nuanced flavors that draw on the rich agricultural and culinary traditions of the region.

This bar of creamy caramelised blond chocolate contains pineapple chunks, buttery crusts and has a biscuity texture. Inspired by a favourite local festive snack, its addictive flavour is sure to leave you wanting more! Bite into the abundance of prosperity and blessings!"
Chocolate,초콜릿 바 (Bars),Fossa,,,,,,"Fossa Pistachio Rose Cranberry 64% Dark Milk Bar, 50g",50g,,16.99,,In Stock,,,8881300069230,76688,https://delaurenti.com/fossa-pistachio-rose-cranberry-64-dark-milk-bar-50g-8881300069230-76688/,https://cdn.powered-by-nitrosell.com/product_images/26/6472/thumb-Fossa%20Pistachio%20Rose%20Cranberry.jpg,"Fossa is Singapore’s first, and award winning bean to bar chocolate maker. Their unique bars feature ethically sourced ingredients, and subtle, nuanced flavors that draw on the rich agricultural and culinary traditions of the region.

Pistachio and rose are made for each other. In a rose-infused 64% dark milk chocolate made with fruity cacao from the Philippines, Italian pistachios are folded in for a satisfying crunchy texture. Generous toppings of dehydrated cranberries and French rose petals makes this bar a wonderful harmony of flavours and textures."
Chocolate,초콜릿 바 (Bars),Fossa,Singapore,,,,,"Fossa Planteray Xaymaca Rum 72% Bar, 50g",50g,,22.99,,In Stock,,,8881300069421,78033,https://delaurenti.com/fossa-planteray-xaymaca-rum-72-bar-50g-8881300069421-78033/,https://cdn.powered-by-nitrosell.com/product_images/26/6472/thumb-Fossa%20Planetaray%20Rum.jpg,"Fossa is Singapore’s first, and award winning bean to bar chocolate maker. Their unique bars feature ethically sourced ingredients, and subtle, nuanced flavors that draw on the rich agricultural and culinary traditions of the region.

A collaboration between Planteray Rum and homegrown artisan chocolate maker Fossa Chocolate.

Tanzanian cacao from Kokoa Kamili fermentary is infused with Planteray Xaymaca Special Dry Rum, a Jamaican style rum fermented with natural wild yeast, and distilled in double retort pot stills.

Made into a 72% dark chocolate, the result is chocolate with rich aroma of overripe banana and tropical fruits with lingering finish of heavy and textured rum."
Chocolate,초콜릿 바 (Bars),Fossa,Singapore,,,,,"Fossa Rou Gui Wuyi Cliff Tea bar, 50g",50g,,18.99,,In Stock,,,8885022820070,78036,https://delaurenti.com/fossa-rou-gui-wuyi-cliff-tea-bar-50g-8885022820070-78036/,https://cdn.powered-by-nitrosell.com/product_images/26/6472/thumb-Fossa%20Rou%20Gui.jpg,"Fossa is Singapore’s first, and award winning bean to bar chocolate maker. Their unique bars feature ethically sourced ingredients, and subtle, nuanced flavors that draw on the rich agricultural and culinary traditions of the region.

Rougui, named for its distinct cinnamon aroma, is a classic tea cultivar from the Wuyi Mountains. This batch is made from tea leaves harvested from Da Shui Keng which sits in the Ban Yan zone of Wuyi Mountains at over 800m. Here, the slopes flatten slightly, allowing the tea bushes to absorb sunlight throughout the entire day. Grown without chemical fertilisers nor pesticides, nurtured by the natural rhythm of the mountains, its flavour reflects the terroir.

Paired with cacao from Semuliki Forest, Uganda, the flavour is clean, vibrant and richly aromatic."
Chocolate,초콜릿 바 (Bars),Fossa,Singapore,,,,,"Fossa Sake Kasu 73% Dark Bar, 50g",50g,,16.99,,In Stock,,,8881300069582,65700,https://delaurenti.com/fossa-sake-kasu-73-dark-bar-50g-8881300069582-65700/,https://cdn.powered-by-nitrosell.com/product_images/26/6472/thumb-Fossa%20Sake%20Kasu.jpg,"Fossa is Singapore’s first, and award winning bean to bar chocolate maker. Their unique bars feature ethically sourced ingredients, and subtle, nuanced flavors that draw on the rich agricultural and culinary traditions of the region."
Chocolate,초콜릿 바 (Bars),Fossa,Singapore,,,,,"Fossa Salted Egg Bar, 50g",50g,,16.99,,In Stock,,,8885022820469,63435,https://delaurenti.com/fossa-salted-egg-bar-50g-8881300069445-63435/,https://cdn.powered-by-nitrosell.com/product_images/26/6472/thumb-Fossa%20Salted%20Egg.jpg,"Fossa is Singapore’s first, and award winning bean to bar chocolate maker. Their unique bars feature ethically sourced ingredients, and subtle, nuanced flavors that draw on the rich agricultural and culinary traditions of the region. Caramelized white chocolate provides the base for this unique bar. Inspired by the beloved salted egg yolk dishes that are ubiquitous in Singaporean casual dining, it’s an addictive combination of sweet and savory. A truly delicious and creative white chocolate!"
Chocolate,초콜릿 바 (Bars),Fossa,Singapore,,,,,"Fossa Satay Sauce Milk Chocolate Bar, 50g",50g,,16.99,,In Stock,,,8885022820506,72091,https://delaurenti.com/fossa-satay-sauce-milk-chocolate-bar-50g-8881300069902-72091/,https://cdn.powered-by-nitrosell.com/product_images/26/6472/thumb-Fossa%20Satay%20Sauce.jpg,"Fossa is Singapore’s first, and award winning bean to bar chocolate maker. Their unique bars feature ethically sourced ingredients, and subtle, nuanced flavors that draw on the rich agricultural and culinary traditions of the region.

The travelling satay hawker who prepared skewered meat with a portable charcoal grill was a familiar sight in olden days Singapore. These barbecued skewers are the perfect comfort food and are never served without a dipping sauce made from ground peanuts and aromatic spices. Enjoy this traditional snack in a milk chocolate bar made with cacao sourced from Kokoa Kamili, Tanzania, and ingredients sourced regionally."
Chocolate,스프레드 (Spreads),Fossa,Singapore,,,,,"Fossa Soy Milk & Youtiao Bar, 50g",50g,,16.99,,In Stock,,"Creamy, aromatic soy with crunchy bits of tiao in white chocolate!",8885022820643,75811,https://delaurenti.com/fossa-soy-milk-youtiao-bar-50g-8881300069551-75811/,https://cdn.powered-by-nitrosell.com/product_images/26/6472/thumb-Fossa%20Soy%20%26%20Youtiao.jpg,"Fossa is Singapore’s first, and award winning bean to bar chocolate maker. Their unique bars feature ethically sourced ingredients, and subtle, nuanced flavors that draw on the rich agricultural and culinary traditions of the region.

Youtiaos are perfectly deep-fried golden brown strips of wheat flour dough. Crispy and chewy, they make great snacks on their own but the real enjoyment is dipping them into a warm bowl of nutritious soy milk. In this bar, dehydrated youtiaos are paired with 38% soy white chocolate to create this classic dish in bar form!"
Chocolate,기타 초콜릿 (Other),Fossa,Singapore,,,,,"Fossa Terada Honke Kaikoshu Sake Chocolate, 50g",50g,,21.99,,In Stock,,"Oxidative, nutty & umami, reminiscent of elegant aged sake",8881300069667,75809,https://delaurenti.com/fossa-terada-honke-kaikoshu-sake-chocolate-50g-8881300069667-75809/,https://cdn.powered-by-nitrosell.com/product_images/26/6472/thumb-Fossa%20Terada%20Honke%20Kaikoshu.jpg,"Fossa is Singapore’s first, and award winning bean to bar chocolate maker. Their unique bars feature ethically sourced ingredients, and subtle, nuanced flavors that draw on the rich agricultural and culinary traditions of the region. Sake and chocolate are perfect together. In this bar, an 18 years old junmai sake brewed in Terada Honke, a Chiba-based brewwery that makes natural, old-school sake using traditional manual methods, is infused into Tanzanian cacao from Kokoa Kamili fermentary. Made into a 72% dark chocolate, the flavor is complex with notes of preserved plums and warm spices."
Chocolate,초콜릿 바 (Bars),Fossa,Singapore,,,,,"Fossa Thai Lychee Nib Bar, 50g",50g,,16.99,,In Stock,,,8885022820360,59883,https://delaurenti.com/fossa-thai-lychee-nib-bar-50g-8881300069483-59883/,https://cdn.powered-by-nitrosell.com/product_images/26/6472/thumb-Fossa%20Lychee%20Rose.jpg,"Fossa is Singapore’s first, and award winning bean to bar chocolate maker. Their unique bars feature ethically sourced ingredients, and subtle, nuanced flavors that draw on the rich agricultural and culinary traditions of the region. Flower children, this one’s for you! This bar features rose tea-infused Tanzanian chocolate, sprinkled with dehydrated Thai lychee and cacao nibs. Its crunchy texture, fruity flavor & floral aroma will transport you straight to the garden with your first bite."
Chocolate,초콜릿 바 (Bars),Fossa,Singapore,,,,,"Fossa Xing Ren Hu Bar, 50g",50g,,16.99,,In Stock,,,8881300069636,77655,https://delaurenti.com/fossa-xing-ren-hu-bar-50g-8881300069636-77655/,https://cdn.powered-by-nitrosell.com/product_images/26/6472/thumb-Fossa%20Xing%20Ren%20Hu.jpg,"Fossa is Singapore’s first, and award winning bean to bar chocolate maker. Their unique bars feature ethically sourced ingredients, and subtle, nuanced flavors that draw on the rich agricultural and culinary traditions of the region.

Xing Ren Hu, also known as Chinese almond cream, is a delicate and silky traditional dessert first brought to Singapore by Teochew immigrants. Made with apricot kernel, rice, sugar and water, this smooth, ivory-hued paste offers a subtly nutty aroma with a lightly floral undertone.

In this bar, they toasted apricot kernel and grounded aromatic Jasmine rice for a smooth texture with a marzipan aroma. Bits of roughly chopped apricot kernel adds a playful crunch."
Chocolate,스프레드 (Spreads),Fossa,Singapore,,,,,"Fossa Yuzu Sea Salt Bar 54% Dark Milk, 50g",50g,,16.99,,In Stock,,"Creamy, biscuity chocolate with refreshing citrusy yuzu!",8885022820407,69828,https://delaurenti.com/fossa-yuzu-sea-salt-bar-54-dark-milk-50g-8881300069780-69828/,https://cdn.powered-by-nitrosell.com/product_images/26/6472/thumb-Fossa%20Yuzu%20Sea%20Salt.jpg,"Fossa is Singapore’s first, and award winning bean to bar chocolate maker. Their unique bars feature ethically sourced ingredients, and subtle, nuanced flavors that draw on the rich agricultural and culinary traditions of the region. Yuzu is an incredibly aromatic citrus fruit that has the ablility to brighten any dish and is commonly used in Japanese cuisine. This bar has chewy yuzu peel with sea salt flakes on a bed of creamy, biscuity Tanzania 54% dark milk chocolate. Perfect for your afternoon tea!"
Chocolate,초콜릿 바 (Bars),Goodnow Farms,Massachusetts,,,,,"Goodnow Farms Asochivite Maple Suger 70% Bar, 55g",55g,,19.99,,In Stock,,,850491007091,72092,https://delaurenti.com/goodnow-farms-asochivite-maple-suger-70-bar-55g-850491007091-72092/,https://cdn.powered-by-nitrosell.com/product_images/26/6472/thumb-Goodnow%20Maple%20Sugar.jpg,"Goodnow crafts their award-winning bean-to-bar chocolate on their New England farmstead using carefully-sourced cacao from trusted producers. Rather than purchasing commodity cacao, Goodnow establishes close relationships with their farmers, which helps ensure ethical, safe, sustainable growing practices, as well as high-quality beans.

This bar is crafted with freshly pressed Asochivite cocoa butter for intense single origin flavor and exceptional smoothness. Goodnow Farms is one of the only chocolate makers in the country to press their own cocoa butter, and it makes a world of difference in flavor."
Chocolate,"트러플/봉봉/프랄린 (Truffles, Bonbons & Pralines)",Goodnow Farms,Massachusetts,,,,,"Goodnow Farms Caramelized Onion 77%, 55g",55g,,19.99,,In Stock,,,8504910070840,72243,https://delaurenti.com/goodnow-farms-caramelized-onion-77-55g-850491007084-72243/,https://cdn.powered-by-nitrosell.com/product_images/26/6472/thumb-Goodnow%20Onion.jpg,"Goodnow crafts their award-winning bean-to-bar chocolate on their New England farmstead using carefully-sourced cacao from trusted producers. Rather than purchasing commodity cacao, Goodnow establishes close relationships with their farmers, which helps ensure ethical, safe, sustainable growing practices, as well as high-quality beans.

This sweet and savory bar combines our El Carmen chocolate with caramelized onions sourced from single origin spice masters Ethan Frisch and Ori Zohar of Burlap & Barrel. The carefully dried, caramelized onions are refined along with their chocolate in their stone grinders for maximum flavor development. The intense, melt-in-your mouth onion flavor is umami at its best. It's truly a unique and supremely satisfying flavor experience!"
Chocolate,초콜릿 바 (Bars),Goodnow Farms,Massachusetts,,,,,"Goodnow Farms Chocolate Banana Split 59% Bar, 55g",55g,,22.99,,In Stock,,,850491007060,75296,https://delaurenti.com/goodnow-farms-chocolate-banana-split-59-bar-55g-850491007060-75296/,https://cdn.powered-by-nitrosell.com/product_images/26/6472/thumb-Goodnow%20Chocolate%20Banana.jpg,"Goodnow crafts their award-winning bean-to-bar chocolate on their New England farmstead using carefully-sourced cacao from trusted producers. Rather than purchasing commodity cacao, Goodnow establishes close relationships with their farmers, which helps ensure ethical, safe, sustainable growing practices, as well as high-quality beans.

Limited Release, Chocolate Banana Split by Goodnow Farms is a playful yet sophisticated take on the classic dessert. This small-batch chocolate combines rich single-origin cacao with the natural sweetness of ripe bananas, complemented by hints of vanilla and caramelized sugar.The result is a creamy, indulgent bar with a smooth texture and a nostalgic yet refined flavor profile. Perfect for those who love the comforting taste of a banana split with the depth of fine chocolate."
Chocolate,초콜릿 바 (Bars),Goodnow Farms,Massachusetts,,,,,"Goodnow Farms Coco Loco 60% Bar, 55g",55g,,24.99,,In Stock,,,850491007039,75297,https://delaurenti.com/goodnow-farms-coco-loco-60-bar-55g-850491007039-75297/,https://cdn.powered-by-nitrosell.com/product_images/26/6472/thumb-Goodnow%20Coco%20Loco.jpg,"Goodnow crafts their award-winning bean-to-bar chocolate on their New England farmstead using carefully-sourced cacao from trusted producers. Rather than purchasing commodity cacao, Goodnow establishes close relationships with their farmers, which helps ensure ethical, safe, sustainable growing practices, as well as high-quality beans.

This bar was inspired by their favorite Colombian beach cocktail, the Coco Loco, a drink they discovered in Cartagena during one of their cacao sourcing trips. There are many variations on the recipe but Goodnow love the combination of coconut, rum and citrus. To make this bar they had to find just the right balance of flavors to accentuate the chocolate, so they did a LOT of test batches. This final recipe involves soaking their fruity Esmeraldas cacao nibs in Boston Harbor Distillery’s Lawley’s Rum and adding just the right amount of organic coconut sugar, organic coconut milk powder, and naranjilla fruit to their grinders."
Chocolate,초콜릿 바 (Bars),Goodnow Farms,Massachusetts,,,,,"Goodnow Farms Guatemala Asochivite 77% Bar, 55g",55g,,18.99,,In Stock,,,850491007138,59012,https://delaurenti.com/goodnow-farms-guatemala-asochivite-77-bar-55g-850491007138-59012/,https://cdn.powered-by-nitrosell.com/product_images/26/6472/thumb-Goodnow%20Farms%20Guatamala%2077.jpg,"Goodnow craft their award-winning bean-to-bar chocolates on their New England farmstead, using carefully-sourced cacao from trusted producers. Rather than purchasing commodity cacao, Goodnow establishes close relationships with their farmers, which helps ensure ethical, safe, sustainable growing practices, as well as high-quality beans. The payoff is some truly delicious chocolate!

The cacao for this dark chocolate comes from San Juan Chivite, a Guatemalan village so remote that a narrow footbridge is the only way in or out – yes, even for the cacao! The farm is run by indigenous Maya families, who were recently able to improve their fermentation facilities due to an investment from Goodnow. These talented farmers grow and ferment some excellent beans, and they are beautifully showcased in this bar. Bright and fruity, with light acidity and a dark fruit finish, this single origin chocolate is a pure delight."
Chocolate,초콜릿 바 (Bars),Goodnow Farms,Massachusetts,,,,,"Goodnow Farms Mexico Almendra 77% Bar, 55g",55g,,18.99,,In Stock,,,850491007145,59011,https://delaurenti.com/goodnow-farms-mexico-almendra-77-bar-55g-850491007145-59011/,https://cdn.powered-by-nitrosell.com/product_images/26/6472/thumb-Goodnow%20Farms%20Mexico%2077.jpg,"Goodnow crafts their award-winning bean-to-bar chocolate on their New England farmstead using carefully-sourced cacao from trusted producers. Rather than purchasing commodity cacao, Goodnow establishes close relationships with their farmers, which helps ensure ethical, safe, sustainable growing practices, as well as high-quality beans. Almendra Blanca, or white almond, refers to the color of the cacao bean. There is nothing added to this bar - no almonds, just chocolate. Sourced from Hacienda Jesus Maria, a farm located in Tabasco, these unique beans lend a paler hue to this high-cacao bar. A short, gentle roast allows Goodnow to highlight the naturally bright, fruity flavor of the Almendra Blanca bean."
Chocolate,초콜릿 바 (Bars),Goodnow Farms,Massachusetts,,,,,"Herbaceous Green Sichuan Pepper 70% Bar, 55g",55g,,21.99,,In Stock,,,850491007817,76912,https://delaurenti.com/herbaceous-green-sichuan-pepper-70-bar-55g-850491007817-76912/,https://cdn.powered-by-nitrosell.com/product_images/26/6472/thumb-Goodnow%20Herbaceous.jpg,"Goodnow crafts their award-winning bean-to-bar chocolate on their New England farmstead using carefully-sourced cacao from trusted producers. Rather than purchasing commodity cacao, Goodnow establishes close relationships with their farmers, which helps ensure ethical, safe, sustainable growing practices, as well as high-quality beans.

Their Herbaceous Green Sichuan Dark Chocolate sourced from spice company 50 Hertz is truly unique. They always pair the natural flavor notes of our single origin chocolate with different complementary flavors, and this match up is spectacular. The herbal notes of their Peruvian Ucayali chocolate seamlessly meld with and carry the pine, floral and citrus notes of the Green Sichuan Pepper. And, the Ucayali chocolate already had a slightly cooling hit, but the Sichuan really amps it up for a cool breeze in the mouth after the lemon rush! Also, not spicy!"
Chocolate,초콜릿 바 (Bars),K+M Chocolate,California,,,,,"K+M Extravirgin 75% Ecuador Dark Chocolate, 70g",70g,,15.99,,Out of Stock,,,856586006147,58823,https://delaurenti.com/km-extravirgin-75-ecuador-dark-chocolate-70g-856586006147-58823/,https://cdn.powered-by-nitrosell.com/product_images/26/6472/thumb-Keller%20Dark%20Ecuador%2075%25.jpg,"Michelin-starred Chef Thomas Keller of The French Laundry in Napa Valley and Armando Manni, producer of legendary Italian olive oils, collaborated to develop some of the world’s finest chocolate with their proprietary method of custom processing each batch of cacao. Their 75% Dark Chocolate, Ecuador has a velvety texture and notes of ripe mango, spice, and sweet nectar."
Chocolate,"트러플/봉봉/프랄린 (Truffles, Bonbons & Pralines)",,California,,,,,"K+M Milk Chocolate Truffle Fries 55% Bar, 55g",55g,,13.99,,Out of Stock,,,856586006727,69875,https://delaurenti.com/km-milk-chocolate-truffle-fries-55-bar-55g-856586006727-69875/,https://cdn.powered-by-nitrosell.com/product_images/26/6472/thumb-Thomas%20Keller%20K%2BM%20Truffle%20Fries.jpg,"Michelin-starred Chef Thomas Keller of The French Laundry in Napa Valley and Armando Manni, producer of legendary Italian olive oils, collaborated to develop some of the world’s finest chocolate with their proprietary method of custom processing each batch of cacao.

Inspired by the namesake side at Chef Thomas Keller's Bouchon Bistro, Truffle Fries combines lightly salted, crunchy French Fries and bean-to-bar milk chocolate with a hint of truffle. Crafted with Arriba Nacional cacao from Ecuador's Hacienda Victoria Estate and Rio Caribe beans from Venezuela's Paria Peninsula. Roasted, ground and molded by hand in Napa Valley, California."
Chocolate,초콜릿 바 (Bars),Mission Chocolate,Brazil,,,,,"Mission 70% Guava Bar, 60g",60g,,18.99,,Out of Stock,,International Chocolate Awards Americas - Silver 2019,7898720951183,71825,https://delaurenti.com/mission-70-guava-bar-60g-7898720951183-71825/,https://cdn.powered-by-nitrosell.com/product_images/26/6472/thumb-Mission%20Goiabada.jpg,"Mission has been working with chocolate since 2002, first as chocolate educators with Le Cordon Bleu in Los Angeles, then as chocolatiers with their own store in Berkeley, California, and now as chocolate makers in São Paulo, Brazil. Their chocolates are the most awarded in Brazil, with 50 national and international prizes in the last 5 years. They believe the best chocolate rewards everyone in the supply chain. Their farmers receive almost 4 times more than the market price, orFair Trade pricing - they buy directly from the producer, no middle person involved.

This bar is made with only cacao, sugar and mini candied guava chunks dotted on top. The tropical fruit & rich dark chocolate are in perfect balance, giving you a little hint of the tropics in every bite without being overpowering."
Chocolate,초콜릿 바 (Bars),Mission Chocolate,Brazil,,,,,"Mission Chocolate 100% Bar, 60g",60g,,18.99,,Out of Stock,,,7898720951237,71722,https://delaurenti.com/mission-chocolate-100-bar-60g-7898720950018-71722/,https://cdn.powered-by-nitrosell.com/product_images/26/6472/thumb-Mission%20amazonia%20100.jpg,"Mission has been working with chocolate since 2002, first as chocolate educators with Le Cordon Bleu in Los Angeles, then as chocolatiers with their own store in Berkeley, California, and now as chocolate makers in São Paulo, Brazil. Their chocolates are the most awarded in Brazil, with 50 national and international prizes in the last 5 years. They believe the best chocolate rewards everyone in the supply chain. Their farmers receive almost 4 times more than the market price, orFair Trade pricing - they buy directly from the producer, no middle person involved."
Chocolate,핫초코/코코아 (Hot Chocolate & Cocoa),Mission Chocolate,Brazil,,,,,"Mission Chocolate 58% Dark Milk Bar , 60g",60g,,18.99,,In Stock,,with cocoa nibs & pink himalayan sea salt,7898720951251,71724,https://delaurenti.com/mission-chocolate-58-dark-milk-bar-60g-7898720951251-71724/,https://cdn.powered-by-nitrosell.com/product_images/26/6472/thumb-Mission%20Dark%20Milk%20nibs%20%2B%20Salt.jpg,"Mission has been working with chocolate since 2002, first as chocolate educators with Le Cordon Bleu in Los Angeles, then as chocolatiers with their own store in Berkeley, California, and now as chocolate makers in São Paulo, Brazil. Their chocolates are the most awarded in Brazil, with 50 national and international prizes in the last 5 years. They believe the best chocolate rewards everyone in the supply chain. Their farmers receive almost 4 times more than the market price, orFair Trade pricing - they buy directly from the producer, no middle person involved."
