{
  "snr_i": 12.279496304929262,
  "si_sdr": 4.98864581012121,
  "si_sdr_i": 10.129675677705562
}