{
  "snr_i": 12.314699148684735,
  "si_sdr": 5.029269081209432,
  "si_sdr_i": 10.183334118583248
}