{
  "si_sdri_mean": 15.786720152305811,
  "si_sdri_median": 15.252343940734864,
  "num_valid": 2000,
  "num_total": 2000,
  "per_nfg": {
    "5": {
      "mean": 15.786720152305811,
      "n": 2000
    }
  }
}