{
  "metrics": {
    "accuracy": 0.0545,
    "precision": 0.9002630434524109,
    "recall": 0.5754588945273744,
    "f1": 0.6880290118201564,
    "map": 0.8362713784879905,
    "auc_roc": 0.9062961399820662,
    "d_prime": 2.2107448995746637,
    "label_0_accuracy": 0.965,
    "label_0_precision": 0.9722814498933902,
    "label_0_recall": 0.8888888888888888,
    "label_0_f1": 0.9287169042769857,
    "label_0_auc_roc": 0.9891325863788966,
    "label_0_d_prime": 3.5469882228881904,
    "label_1_accuracy": 0.9,
    "label_1_precision": 0.8911174785100286,
    "label_1_recall": 0.6575052854122622,
    "label_1_f1": 0.7566909975669099,
    "label_1_auc_roc": 0.9346547210119193,
    "label_1_d_prime": 2.367592736518642,
    "label_2_accuracy": 0.9205,
    "label_2_precision": 0.9815789473684211,
    "label_2_recall": 0.7104761904761905,
    "label_2_f1": 0.8243093922651934,
    "label_2_auc_roc": 0.9206534301856337,
    "label_2_d_prime": 2.881124262775147,
    "label_3_accuracy": 0.881,
    "label_3_precision": 0.9079365079365079,
    "label_3_recall": 0.5777777777777777,
    "label_3_f1": 0.7061728395061728,
    "label_3_auc_roc": 0.9021497365683412,
    "label_3_d_prime": 2.265295721983982,
    "label_4_accuracy": 0.8685,
    "label_4_precision": 0.9084249084249084,
    "label_4_recall": 0.5102880658436214,
    "label_4_f1": 0.6534914361001317,
    "label_4_auc_roc": 0.885703257932819,
    "label_4_d_prime": 2.157569239675909,
    "label_5_accuracy": 0.895,
    "label_5_precision": 0.9686609686609686,
    "label_5_recall": 0.6307977736549165,
    "label_5_f1": 0.7640449438202247,
    "label_5_auc_roc": 0.8906548619074287,
    "label_5_d_prime": 2.66031488446822,
    "label_6_accuracy": 0.8785,
    "label_6_precision": 0.9506578947368421,
    "label_6_recall": 0.5589941972920697,
    "label_6_f1": 0.7040194884287454,
    "label_6_auc_roc": 0.9359354437330362,
    "label_6_d_prime": 2.470487809505085,
    "label_7_accuracy": 0.9105,
    "label_7_precision": 0.826879271070615,
    "label_7_recall": 0.778969957081545,
    "label_7_f1": 0.8022099447513812,
    "label_7_auc_roc": 0.9500282579136148,
    "label_7_d_prime": 2.4180134136228157,
    "label_8_accuracy": 0.9005,
    "label_8_precision": 0.9171270718232044,
    "label_8_recall": 0.6626746506986028,
    "label_8_f1": 0.7694090382387022,
    "label_8_auc_roc": 0.9059186496919436,
    "label_8_d_prime": 2.4732472366012237,
    "label_9_accuracy": 0.843,
    "label_9_precision": 0.8503649635036497,
    "label_9_recall": 0.46047430830039526,
    "label_9_f1": 0.5974358974358974,
    "label_9_auc_roc": 0.8742545941341122,
    "label_9_d_prime": 1.8205370400544492,
    "label_10_accuracy": 0.854,
    "label_10_precision": 0.8754325259515571,
    "label_10_recall": 0.49705304518664045,
    "label_10_f1": 0.6340852130325815,
    "label_10_auc_roc": 0.8693035752168545,
    "label_10_d_prime": 1.9674227955143653,
    "label_11_accuracy": 0.8255,
    "label_11_precision": 0.9060773480662984,
    "label_11_recall": 0.33064516129032256,
    "label_11_f1": 0.4844903988183161,
    "label_11_auc_roc": 0.8304641922614963,
    "label_11_d_prime": 1.841889631497558,
    "label_12_accuracy": 0.8265,
    "label_12_precision": 0.7510917030567685,
    "label_12_recall": 0.3722943722943723,
    "label_12_f1": 0.49782923299565845,
    "label_12_auc_roc": 0.8235100400249945,
    "label_12_d_prime": 1.4600753680731666,
    "label_13_accuracy": 0.9345,
    "label_13_precision": 0.9591280653950953,
    "label_13_recall": 0.7521367521367521,
    "label_13_f1": 0.8431137724550898,
    "label_13_auc_roc": 0.9639653210149294,
    "label_13_d_prime": 3.007577040151938,
    "label_14_accuracy": 0.851,
    "label_14_precision": 0.8774703557312253,
    "label_14_recall": 0.4539877300613497,
    "label_14_f1": 0.5983827493261455,
    "label_14_auc_roc": 0.9005940079498809,
    "label_14_d_prime": 1.9276096123919622,
    "label_15_accuracy": 0.869,
    "label_15_precision": 0.7383367139959433,
    "label_15_recall": 0.7323943661971831,
    "label_15_f1": 0.7353535353535353,
    "label_15_auc_roc": 0.9115692156933618,
    "label_15_d_prime": 1.986970549694239,
    "label_16_accuracy": 0.84,
    "label_16_precision": 0.9592760180995475,
    "label_16_recall": 0.40535372848948376,
    "label_16_f1": 0.5698924731182796,
    "label_16_auc_roc": 0.8795268689698383,
    "label_16_d_prime": 2.086834409386068,
    "label_17_accuracy": 0.8535,
    "label_17_precision": 0.8529411764705882,
    "label_17_recall": 0.5127701375245579,
    "label_17_f1": 0.6404907975460122,
    "label_17_auc_roc": 0.8856874053752772,
    "label_17_d_prime": 1.9101543048012626,
    "label_18_accuracy": 0.8115,
    "label_18_precision": 0.9632352941176471,
    "label_18_recall": 0.26043737574552683,
    "label_18_f1": 0.41001564945226915,
    "label_18_auc_roc": 0.9029802481038951,
    "label_18_d_prime": 1.6843502897350975,
    "label_19_accuracy": 0.925,
    "label_19_precision": 0.947242206235012,
    "label_19_recall": 0.7552581261950286,
    "label_19_f1": 0.8404255319148937,
    "label_19_auc_roc": 0.9692363855730506,
    "label_19_d_prime": 2.864000000021027
  },
  "config": {
    "n_samples": 2000,
    "duration": 2,
    "num_fg": 5,
    "num_bg": 1,
    "snr_fg": [
      5,
      15
    ],
    "snr_bg": [
      0,
      10
    ],
    "sr": 16000
  }
}