{
  "alarm_clock": 0.6726297736167908,
  "baby_cry": 0.05111941695213318,
  "birds_chirping": 0.08342939615249634,
  "car_horn": 0.9312227368354797,
  "cat": 0.013769696466624737,
  "cock_a_doodle_doo": 0.1271507292985916,
  "computer_typing": 0.1440993696451187,
  "cricket": 0.6176862716674805,
  "dog": 0.9832173585891724,
  "door_knock": 0.21650438010692596,
  "glass_breaking": 0.3285003900527954,
  "gunshot": 0.9859710335731506,
  "hammer": 0.8014441132545471,
  "music": 0.19864962995052338,
  "ocean": 0.5772449374198914,
  "singing": 0.9979512095451355,
  "siren": 0.08510832488536835,
  "speech": 0.9703234434127808,
  "thunderstorm": 0.7319533228874207,
  "toilet_flush": 0.9957850575447083,
  "overall": 0.7244182825088501
}
