category,subtype,brand,place_of_origin,grape_variety,flavor_profile,milk,raw_or_pasteurized,name,size,size_ml,price_usd,price_per_100ml,availability,flags,tagline,sku,product_id,url,image,description
Fish,세트/컬렉션 (Sets & Collections),,,,,,,Tinned Fish Tour,,,100.0,,In Stock,,A handpicked selection of tinned fish of every sort!,111900000124,67854,https://delaurenti.com/tinned-fish-tour-100-111900000124-67854/,https://cdn.powered-by-nitrosell.com/product_images/26/6472/thumb-Tin%20Fish.jpg,"Love tinned fish? Know someone who loves tinned fish? We do too and we do, too. Tuna, anchovies, sardines, sprats, octopus...you name it! This isn't a gift for everyone, true. But man it's a great gift for that one tinned fish person! Perhaps it's you? Just pick your price point and we will select a great variety of packages that covers the spectrum of the sea. These beautiful gifts of the sea are perfect to crack open for a styley appetizer, and they also fit perfectly in a stocking! All you have to do is pick your price point and take all the credit!

*This is a gift, so we will remove the prices!"
Fish,대구/기타 흰살 생선 (Cod & Other Whitefish),Lata,Spain,,,,,"Lata Codfish Pate with Raisins and Caramelized Onions, 90g",90g,,11.99,,In Stock,NEW,,850081522041,77858,https://delaurenti.com/lata-codfish-pate-with-raisins-and-caramelized-onions-90g-850081522041-77858/,https://cdn.powered-by-nitrosell.com/product_images/26/6472/thumb-Lata%20Codfish%20Pate%20Raisins%20and%20Car%20Onions.jpg,"Lata is a premium tinned seafood (conservas) company founded in early 2021 by four Spanish friends—Nacho, Vicent, Dani, and Xevi—living in New York City. Born during the pandemic, the company aims to bring the authentic Spanish and Portuguese tradition of high-quality conservas to the US, fostering community through curated, sustainable, and gourmet seafood shared together at the table wherever you may be in the world.

Codfish pâté with raisins and caramelized onions is a beautifully balanced spread that brings sweetness, savoriness, and richness together in one bite. Made from delicate codfish blended into a smooth, creamy pâté, it’s uplifted by the gentle sweetness of caramelized onions and the subtle fruity notes of raisins."
Fish,"조개/홍합/굴/가리비 (Clams, Mussels, Oysters & Scallops)",Lata,Spain,,,,,"Lata Razor Clams in Olive Oil, Garlic and Chili Pepper, 110g",110g,,21.99,,In Stock,NEW,,8411157113208,77857,https://delaurenti.com/lata-razor-clams-in-olive-oil-garlic-and-chili-pepper-110g-8411157113208-77857/,https://cdn.powered-by-nitrosell.com/product_images/26/6472/thumb-Lata%20Razor%20CLams%20in%20Olive%20Oil%20Garlic%20and%20Chili.jpg,"Lata is a premium tinned seafood (conservas) company founded in early 2021 by four Spanish friends—Nacho, Vicent, Dani, and Xevi—living in New York City. Born during the pandemic, the company aims to bring the authentic Spanish and Portuguese tradition of high-quality conservas to the US, fostering community through curated, sustainable, and gourmet seafood shared together at the table wherever you may be in the world.

Lata Razor Clams in olive oil, garlic, and chili pepper offer a bold, aromatic twist on a Galician classic. Sustainably harvested from the cool Atlantic waters off Galicia, these slender and tender razor clams are hand-packed with fragrant garlic and just the right touch of chili, adding warmth and depth without overpowering their natural sweetness. A vibrant, savory conserva with a gentle kick."
Fish,정어리 (Sardines),Lata,Spain,,,,,"Lata Small Sardines in Oi with Habaneros, 110g",110g,,17.99,,In Stock,NEW,,850081522188,77854,https://delaurenti.com/lata-small-sardines-in-oi-with-habaneros-110g-810032724054-77854/,https://cdn.powered-by-nitrosell.com/product_images/26/6472/thumb-Lata%20Small%20Sardines%20in%20Oil%20with%20Habaneros.jpg,"Lata is a premium tinned seafood (conservas) company founded in early 2021 by four Spanish friends—Nacho, Vicent, Dani, and Xevi—living in New York City. Born during the pandemic, the company aims to bring the authentic Spanish and Portuguese tradition of high-quality conservas to the US, fostering community through curated, sustainable, and gourmet seafood shared together at the table wherever you may be in the world.

The Lata small sardines with habanero peppers, are hot as hell… these sardinillas could be the hottest tinned fish in the world."
Fish,정어리 (Sardines),Lata,Spain,,,,,"Lata Small Sardines in Oil with Jalapenos, 110g",110g,,17.99,,Out of Stock,NEW,,810032724047,77860,https://delaurenti.com/lata-small-sardines-in-oil-with-jalapenos-110g-810032724047-77860/,https://cdn.powered-by-nitrosell.com/product_images/26/6472/thumb-Lata%20Small%20Sardines%20in%20Oil%20with%20Jalepenos.jpg,"Lata is a premium tinned seafood (conservas) company founded in early 2021 by four Spanish friends—Nacho, Vicent, Dani, and Xevi—living in New York City. Born during the pandemic, the company aims to bring the authentic Spanish and Portuguese tradition of high-quality conservas to the US, fostering community through curated, sustainable, and gourmet seafood shared together at the table wherever you may be in the world.

Lata small sardines with jalapeño peppers puree. The natural jalapeño sauce is fresh and packs some heat that cuts through the lovely fattiness of the small sized sardines."
Fish,정어리 (Sardines),Lata,Spain,,,,,"Lata Small Sardines in Olive Oil, 110g",110g,,12.99,,Out of Stock,NEW,,810032724016,77859,https://delaurenti.com/lata-small-sardines-in-olive-oil-110g-810032724016-77859/,https://cdn.powered-by-nitrosell.com/product_images/26/6472/thumb-Lata%20Small%20Sardines%20in%20Olive%20oil.jpg,"Lata is a premium tinned seafood (conservas) company founded in early 2021 by four Spanish friends—Nacho, Vicent, Dani, and Xevi—living in New York City. Born during the pandemic, the company aims to bring the authentic Spanish and Portuguese tradition of high-quality conservas to the US, fostering community through curated, sustainable, and gourmet seafood shared together at the table wherever you may be in the world.

Discover the delicate flavor of Lata's small sardines in olive oil. These sardines are caught in the wild in the Atlantic Ocean, off the coast of Spain around Galicia. The small sardines are preserved in high-quality olive oil, enhancing their rich flavor and tender texture."
Fish,정어리 (Sardines),Lata,Spain,,,,,"Lata Small Sardines with Padron Peppers, 110g",110g,,14.99,,Out of Stock,NEW,,8411157113772,77856,https://delaurenti.com/lata-small-sardines-with-padron-peppers-110g-8411157113772-77856/,https://cdn.powered-by-nitrosell.com/product_images/26/6472/thumb-Lata%20Small%20Sardines%20with%20Padron%20Peppers.jpg,"Lata is a premium tinned seafood (conservas) company founded in early 2021 by four Spanish friends—Nacho, Vicent, Dani, and Xevi—living in New York City. Born during the pandemic, the company aims to bring the authentic Spanish and Portuguese tradition of high-quality conservas to the US, fostering community through curated, sustainable, and gourmet seafood shared together at the table wherever you may be in the world.

Small Sardines in Olive Oil with Padrón Peppers bring a distinctly Galician twist to a classic. Wild-caught and hand-packed in smooth olive oil, they’re infused with gentle, slightly sweet green-pepper notes from iconic Padrón peppers, for a fresh, subtly savory, beautifully balanced bite."
Fish,"조개/홍합/굴/가리비 (Clams, Mussels, Oysters & Scallops)",Lata,Spain,,,,,"Lata Spicy Mussel Pate, 90g",90g,,10.99,,Out of Stock,NEW,,850081522003,77861,https://delaurenti.com/lata-spicy-mussel-pate-90g-850081522003-77861/,https://cdn.powered-by-nitrosell.com/product_images/26/6472/thumb-Lata%20Spicy%20Mussel%20Pate_1.jpg,"Lata is a premium tinned seafood (conservas) company founded in early 2021 by four Spanish friends—Nacho, Vicent, Dani, and Xevi—living in New York City. Born during the pandemic, the company aims to bring the authentic Spanish and Portuguese tradition of high-quality conservas to the US, fostering community through curated, sustainable, and gourmet seafood shared together at the table wherever you may be in the world.

Spicy Mussels Pâté made with tender Atlantic mussels, blended into a smooth, creamy pâté and gently seasoned with spices for warmth and depth. Full of natural flavor and crafted without additives, it’s perfect for spreading on toast, crackers, or enjoying as part of a tapas moment."
Fish,참치 (Tuna),Lata,Spain,,,,,"Lata Tuna Pate with Padron Peppers, 90g",90g,,9.99,,In Stock,NEW,,850081522034,77855,https://delaurenti.com/lata-tuna-pate-with-padron-peppers-90g-850081522034-77855/,https://cdn.powered-by-nitrosell.com/product_images/26/6472/thumb-Lata%20Tuna%20Pate%20with%20Padron%20Peppers_1.jpg,"Lata is a premium tinned seafood (conservas) company founded in early 2021 by four Spanish friends—Nacho, Vicent, Dani, and Xevi—living in New York City. Born during the pandemic, the company aims to bring the authentic Spanish and Portuguese tradition of high-quality conservas to the US, fostering community through curated, sustainable, and gourmet seafood shared together at the table wherever you may be in the world.

This Tuna Pâté with Padrón Peppers offers a flavorful twist on classic tuna pâté. Made with high-quality tuna, it is blended into a smooth, creamy texture and finished with iconic Galician Padrón peppers, adding gentle warmth, savory green-pepper notes, and a fresh, subtly smoky character that lifts the richness of the fish."
Fish,"문어/오징어/갑오징어 (Octopus, Squid & Cuttlefish)",Samare,Spain,,,,,"Samare Galacian Rock Octopus in Extra Virgin Olive Oil, 110g",110g,,24.99,,In Stock,NEW,,8411157820052,77867,https://delaurenti.com/samare-galacian-rock-octopus-in-extra-virgin-olive-oil-110g-8411157820052-77867/,https://cdn.powered-by-nitrosell.com/product_images/26/6472/thumb-Samare%20Rock%20Octopus%20in%20EVOO.jpg,"Samare is a Spanish conservas brand specializing in high-quality, artisanal tinned seafood from Galicia. Founded by a Valencia Central Market expert, the name translates to ""their mother"" in Valenciano, highlighting a connection to traditional, premium seafood preparation.

Sun-dried octopus preserved in extra virgin olive oil. Intense flavor, incredible texture, and pure Mediterranean spirit. Samare makes it, and you enjoy it."
Fish,앤초비 (Anchovies),Samare,Spain,,,,,"Samare Galician Mussels in Pickled Sauce, 110g",110g,,18.99,,In Stock,NEW,,8436564832108,77868,https://delaurenti.com/samare-galician-mussels-in-pickled-sauce-110g-8436564832108-77868/,https://cdn.powered-by-nitrosell.com/product_images/26/6472/thumb-Samare%20Galician%20Mussels%20in%20Pickled%20Sauce.jpg,"Samare is a Spanish conservas brand specializing in high-quality, artisanal tinned seafood from Galicia. Founded by a Valencia Central Market expert, the name translates to ""their mother"" in Valenciano, highlighting a connection to traditional, premium seafood preparation.

Plump and meaty mussels, hand-selected for their brilliant orange color and delicate flavor. They are beautifully arranged by hand in a tin of mildly spicy, vinegar-based escabeche pickled sauce."
Fish,정어리 (Sardines),Samare,Spain,,,,,"Samare Small Sardines in Olive Oil, 110g",110g,,13.99,,In Stock,NEW,,8436564839558,77866,https://delaurenti.com/samare-small-sardines-in-olive-oil-110g-8436564839558-77866/,https://cdn.powered-by-nitrosell.com/product_images/26/6472/thumb-Samare%20Small%20Sardines%20in%20Olive%20Oil.jpg,"Samare is a Spanish conservas brand specializing in high-quality, artisanal tinned seafood from Galicia. Founded by a Valencia Central Market expert, the name translates to ""their mother"" in Valenciano, highlighting a connection to traditional, premium seafood preparation.

The Samare small sardines in olive oil are tiny and silvery, these sardines concentrate the essence of the best blue fish in Galicia."
Fish,앤초비 (Anchovies),Samare,Spain,,,,,"Samare Small Scallops in Galician Sauce, 110g",110g,,16.99,,Out of Stock,NEW,,8411127820044,77864,https://delaurenti.com/samare-small-scallops-in-galician-sauce-110g-8411127820044-77864/,https://cdn.powered-by-nitrosell.com/product_images/26/6472/thumb-Samare%20Small%20Scallops%20in%20Galician%20Sauce.jpg,"Samare is a Spanish conservas brand specializing in high-quality, artisanal tinned seafood from Galicia. Founded by a Valencia Central Market expert, the name translates to ""their mother"" in Valenciano, highlighting a connection to traditional, premium seafood preparation.

One of the most typical tapas bites on the Galician coast, cooked in the wonderful traditional Galician Sauce, Salsa de Vieras."
Fish,정어리 (Sardines),Samare,Spain,,,,,"Samare Small Spiced Sardines in Olive Oil, 110g",110g,,13.99,,In Stock,NEW,,8436564839565,77869,https://delaurenti.com/samare-small-spiced-sardines-in-olive-oil-110g-8436564839565-77869/,https://cdn.powered-by-nitrosell.com/product_images/26/6472/thumb-Samare%20Sardines%20in%20Spicy%20Olive%20Oil.jpg,"Samare is a Spanish conservas brand specializing in high-quality, artisanal tinned seafood from Galicia. Founded by a Valencia Central Market expert, the name translates to ""their mother"" in Valenciano, highlighting a connection to traditional, premium seafood preparation.

Small Sardines from Galicia.The pinch of chilli rounds off the exquisiteness of the best sardines from the Galician estuaries."
Fish,대구/기타 흰살 생선 (Cod & Other Whitefish),Samare,Spain,,,,,"Samare Spiced Cod in Extra Virgin Olive Oil, 110g",110g,,18.99,,In Stock,NEW,,8411127820013,77862,https://delaurenti.com/samare-spiced-cod-in-extra-virgin-olive-oil-110g-8411127820013-77862/,https://cdn.powered-by-nitrosell.com/product_images/26/6472/thumb-Samare%20Spiced%20Cod%20in%20EVOO.jpg,"Samare is a Spanish conservas brand specializing in high-quality, artisanal tinned seafood from Galicia. Founded by a Valencia Central Market expert, the name translates to ""their mother"" in Valenciano, highlighting a connection to traditional, premium seafood preparation.

The juicy Atlantic cod almost thickens the extra virgin olive oil into a semi pil pil sauce, seasoned with a touch of spice."
Fish,"조개/홍합/굴/가리비 (Clams, Mussels, Oysters & Scallops)",Samare,Spain,,,,,"Samare Spiced Mussels in Pickled Sauce, 110g",110g,,15.99,,In Stock,NEW,,8411127820006,77863,https://delaurenti.com/samare-spiced-mussels-in-pickled-sauce-110g-8411127820006-77863/,https://cdn.powered-by-nitrosell.com/product_images/26/6472/thumb-Samare%20Spiced%20Mussels%20in%20Pickled%20Sauce.jpg,"Samare is a Spanish conservas brand specializing in high-quality, artisanal tinned seafood from Galicia. Founded by a Valencia Central Market expert, the name translates to ""their mother"" in Valenciano, highlighting a connection to traditional, premium seafood preparation.

The highest quality tinned mussels from the Galician Rias, in a spicy pickled escabeche sauce. An absolute classic."
Fish,참치 (Tuna),Samare,Spain,,,,,"Samare Tuna in Vegatable Sauce, 110g",110g,,17.99,,In Stock,NEW,"Titaina del Cabanyal, ""Valencian Ratatouille""",5601943002844,77870,https://delaurenti.com/samare-tuna-in-vegatable-sauce-110g-5601943002844-77870/,https://cdn.powered-by-nitrosell.com/product_images/26/6472/thumb-Samare%20Tuna%20in%20Vegetable%20Sauce.jpg,"Samare is a Spanish conservas brand specializing in high-quality, artisanal tinned seafood from Galicia. Founded by a Valencia Central Market expert, the name translates to ""their mother"" in Valenciano, highlighting a connection to traditional, premium seafood preparation.

Titaina del Cabanyal (tuna in vegetable sauce) is a traditional dish from the Cabanyal neighborhood of Valencia, Spain. It's part of the rich culinary heritage of this seaside district, which has deep fishing and maritime roots, a dish often called the “Valencian ratatouille”."
Fish,"조개/홍합/굴/가리비 (Clams, Mussels, Oysters & Scallops)",Samare,Spain,,,,,"Samare White Clams in Brine, 110g",110g,,18.99,,In Stock,NEW,,8411127820037,77865,https://delaurenti.com/samare-white-clams-in-brine-110g-8411127820037-77865/,https://cdn.powered-by-nitrosell.com/product_images/26/6472/thumb-Samare%20Clams%20in%20Brine.jpg,"Samare is a Spanish conservas brand specializing in high-quality, artisanal tinned seafood from Galicia. Founded by a Valencia Central Market expert, the name translates to ""their mother"" in Valenciano, highlighting a connection to traditional, premium seafood preparation.

Small white clams from the Atlantic, with their characteristic sweetness, without any additives other than those of the sea: water and salt."
Fish,참치 (Tuna),St. Jude,Seattle,,,,,"St. Jude Mediterranean Tuna, 6oz",6oz,177,16.99,9.58,In Stock,,,833320000104,28151,https://delaurenti.com/st-jude-mediterranean-tuna-6oz-833320000104-28151/,https://cdn.powered-by-nitrosell.com/product_images/26/6472/thumb-St%20Jude%20BLK%20label%20%20Solid%20White%20Tuna.jpg,"The Malleys are a family business based in Seattle. Joe Malley started out salmon trolling in Sitka, Alaska in 1978. From salmon trolling he moved into longlining, pursuing halibut, blackcod and Pacific cod around the Gulf of Alaska. Presently Joe owns the 95-foot fishing vessel St. Jude, which trolls soley for Albacore tuna in the North and South Pacific. Each fish is caught using hooks and lures, landed and handled individually on a cushioned platform to prevent bruising. The result is an amazing quality tuna packed in it's own juice and nothing else. Perfect for sandwiches, pasta, antipasti, or right out of the can!"
Fish,참치 (Tuna),St. Jude,Seattle,,,,,"St. Jude No Salt Tuna, 6oz",6oz,177,13.99,7.88,In Stock,,,833320000081,34342,https://delaurenti.com/st-jude-no-salt-tuna-6oz-833320000081-34342/,https://cdn.powered-by-nitrosell.com/product_images/26/6472/thumb-St%20Jude%20Turqouise%20label%20Solid%20White%20Tuna.jpg,"The Malleys are a family business based in Seattle. Joe Malley started out salmon trolling in Sitka, Alaska in 1978. From salmon trolling he moved into longlining, pursuing halibut, blackcod and Pacific cod around the Gulf of Alaska. Presently Joe owns the 95-foot fishing vessel St. Jude, which trolls soley for Albacore tuna in the North and South Pacific. Each fish is caught using hooks and lures, landed and handled individually on a cushioned platform to prevent bruising. The result is an amazing quality tuna packed in it's own juice and nothing else. Perfect for sandwiches, pasta, antipasti, or right out of the can!"
Fish,참치 (Tuna),St. Jude,Seattle,,,,,"St. Jude Original Tuna, 6oz",6oz,177,14.99,8.45,In Stock,,,833320000036,28150,https://delaurenti.com/st-jude-original-tuna-6oz-833320000036-28150/,https://cdn.powered-by-nitrosell.com/product_images/26/6472/thumb-St%20Jude%20Blue%20Label%20Solid%20White%20Tuna.jpg,"The Malleys are a family business based in Seattle. Joe Malley started out salmon trolling in Sitka, Alaska in 1978. From salmon trolling he moved into longlining, pursuing halibut, blackcod and Pacific cod around the Gulf of Alaska. Presently Joe owns the 95-foot fishing vessel St. Jude, which trolls soley for Albacore tuna in the North and South Pacific. Each fish is caught using hooks and lures, landed and handled individually on a cushioned platform to prevent bruising. The result is an amazing quality tuna packed in it's own juice with a touch of salt. Perfect for sandwiches, pasta, antipasti, or right out of the can!"
Fish,참치 (Tuna),Artesanos Alalunga,Spain,,,,,"Alalunga Albacore Tuna in Pickle Marinade, 138g",138g,,25.99,,In Stock,,,8436577160151,77333,https://delaurenti.com/alalunga-albacore-tuna-in-pickle-marinade-138g-8436577160151-77333/,https://cdn.powered-by-nitrosell.com/product_images/26/6472/thumb-Alalunga%20Bonito%20Del%20Norte%20en%20Escabeche_1.jpg,"Artesanos Alalunga uses only careful and delicate selections of fish from the Cantabrian sea, but expands to only use fish captured from sustainable aquaculture. Large size, availability through the year, and sustainability have encouraged Alalunga to partner with Aquanaria, an aquaculture farm hosting some of the most sought after seabass in the world."
Fish,참치 (Tuna),Artesanos Alalunga,Spain,,,,,"Alalunga Albacore Tuna Loins in Tomato Sauce, 138g",138g,,24.99,,In Stock,,,8436577160069,74608,https://delaurenti.com/alalunga-albacore-tuna-loins-in-tomato-sauce-138g-8436577160069-74608/,https://cdn.powered-by-nitrosell.com/product_images/26/6472/thumb-Alalunga%20Bonito%20Del%20Norte%20Con%20Tomate_1.jpg,"Artesanos Alalunga uses only careful and delicate selections of fish from the Cantabrian sea, but expands to only use fish captured from sustainable aquaculture. Large size, availability through the year, and sustainability have encouraged Alalunga to partner with Aquanaria, an aquaculture farm hosting some of the most sought after seabass in the world.

Meaty fillets from the Albacore tuna loin complemented with a rustic tomato sauce."
Fish,참치 (Tuna),Artesanos Alalunga,Spain,,,,,"Alalunga Albacore Tuna Loins with Carmelized Onion and Green Pepper, 138g",138g,,27.99,,In Stock,,,8436577160052,74606,https://delaurenti.com/alalunga-albacore-tuna-loins-with-carmelized-onion-and-green-pepper-138g-8436577160052-74606/,https://cdn.powered-by-nitrosell.com/product_images/26/6472/thumb-Alalunga%20Bonito%20De%20Norte%20Encebollados_1.jpg,"Artesanos Alalunga uses only careful and delicate selections of fish from the Cantabrian sea, but expands to only use fish captured from sustainable aquaculture. Large size, availability through the year, and sustainability have encouraged Alalunga to partner with Aquanaria, an aquaculture farm hosting some of the most sought after seabass in the world.

Meaty fillets from the Albacore tuna loin preserved in olive oil and Arbequina extra virgin olive oil, and complemented with onion and green pepper."
Fish,대구/기타 흰살 생선 (Cod & Other Whitefish),Artesanos Alalunga,Spain,,,,,"Alalunga Hake Cheeks in Green Sauce, 138g",138g,,39.99,,In Stock,,,8436577160090,77038,https://delaurenti.com/alalunga-hake-cheeks-in-green-sauce-138g-8436577160090-77038/,https://cdn.powered-by-nitrosell.com/product_images/26/6472/thumb-Alalunga%20Cocochas_1.jpg,"Artesanos Alalunga uses only careful and delicate selections of fish from the Cantabrian sea, but expands to only use fish captured from sustainable aquaculture. Large size, availability through the year, and sustainability have encouraged Alalunga to partner with Aquanaria, an aquaculture farm hosting some of the most sought after seabass in the world.

Hake cheeks in salsa verde. Cocochas or hake cheeks are a delicacy in Basque cuisine. Technically not the cheek but the neck of the fish, the tender gelatinous discs are packed in a salsa verde made from hake broth, garlic, parsley and Arbequina olive oil. The hake is line-caught in the Bay of Biscay and carefully prepared at the Cantabrian cannery by a small team of experts."
Fish,대구/기타 흰살 생선 (Cod & Other Whitefish),Artesanos Alalunga,Spain,,,,,"Alalunga Seabass With Garlic and Cayenne Pepper, 138g",138g,,36.99,,In Stock,,,8436577160144,77031,https://delaurenti.com/alalunga-seabass-with-garlic-and-cayenne-pepper-138g-8436577160144-77031/,https://cdn.powered-by-nitrosell.com/product_images/26/6472/thumb-Alalunga%20Lubina%20a%20la%20bilbaina_1.jpg,"Artesanos Alalunga uses only careful and delicate selections of fish from the Cantabrian sea, but expands to only use fish captured from sustainable aquaculture. Large size, availability through the year, and sustainability have encouraged Alalunga to partner with Aquanaria, an aquaculture farm hosting some of the most sought after seabass in the world.

Sea bass prepared Bilbao style, with chilli and garlic in Arbequina olive oil. The sea bass is farmed in the open Atlantic off the Canary Islands. This fish is of the highest quality and is earmarked for the finest restaurants, including Michelin starred ones, and one cannery: Alalunga."
Fish,대구/기타 흰살 생선 (Cod & Other Whitefish),Artesanos Alalunga,Spain,,,,,"Alalunga Seabass with Pesto, 138g",138g,,36.99,,In Stock,,Sustainable Sea Bass in fresh basil pesto,8436577160137,74607,https://delaurenti.com/artesanos-alalungo-lubina-en-salsa-pesto-138g-8436577160137-74607/,https://cdn.powered-by-nitrosell.com/product_images/26/6472/thumb-Alalunga%20Seabass%20in%20Pesto.jpg,"Artesanos Alalunga uses only careful and delicate selections of fish from the Cantabrian sea, but expands to use fish captured from sustainable aquaculture. Large size, availability through the year, and sustainability have encouraged Alalunga to partner with Aquanaria, an aquaculture farm hosting some of the most sought after seabass in the world. If it couldn't get better, these buttery, flakey seabass loins are complimented by a traditional pesto made with basil, pinenuts, Arbequina EVOO, garlic and sea salt. Perfect straight from the can or over your favorite cut of pasta in need of a special sauce!"
Fish,참치 (Tuna),Arroyabe,Spain,,,,,Arroyabe Tuna. 6.5oz,6.5oz,192,19.99,10.4,In Stock,,,832924000770,28132,https://delaurenti.com/arroyabe-tuna-65oz-832924000770-28132/,https://cdn.powered-by-nitrosell.com/product_images/26/6472/thumb-Arroyabe%20Tuna%20in%20Oil%206.4oz.jpg,"White Tuna, also known as Albacore or Bonito del Norte, is considered a superior tuna because of its exceptional flavour, color & smooth texture. Arroyabe tuna is caught in summer in the Gulf of Biscay using traditional and ecological fishing methods (Pole & Line). This tradition guarantees its quality and freshness. In short, it's really good tuna. Try it on a sandwich, in pasta with olives & capers or even on pizza!"
Fish,참치 (Tuna),Fishwife,Spain,,,,,"Fishwife Albacore Tuna, 3.2oz",3.2oz,95,12.99,13.73,In Stock,,,850046148064,70452,https://delaurenti.com/fishwife-albacore-tuna-32oz-850046148064-70452/,https://cdn.powered-by-nitrosell.com/product_images/26/6472/thumb-Fishwife%20Albacore%201.jpg,"The term ""Fishwife"" dates back to the 16th century, and originally referred to the daughters or wives of fishermen who sold fish at the market. The term gradually evolved into gendered insult for women who were brash, foul-mouthed, and brassy. The women at this female-founded and led food company can relate!

Incredibly tender, bursting with flavor, buttery with each bite, and satisfyingly clean and simple, this Albacore Tuna in Olive Oil may be the only tuna you will want in your pantry. Enjoy with potato chips and hot sauce, stirred into a simple pasta with lemon or straight from the can with a fork!"
Fish,앤초비 (Anchovies),Fishwife,Spain,,,,,"Fishwife Cantabrian Anchovies, 1.73oz",1.73oz,51,11.99,23.44,In Stock,,,860006380434,72450,https://delaurenti.com/fishwife-cantabrian-anchovies-173oz-860006380434-72450/,https://cdn.powered-by-nitrosell.com/product_images/26/6472/thumb-Fishwife%20Anchovies.jpg,"The term ""Fishwife"" dates back to the 16th century, and originally referred to the daughters or wives of fishermen who sold fish at the market. The term gradually evolved into gendered insult for women who were brash, foul-mouthed, and brassy. The women at this female-founded and led food company can relate!

Say hello to the richest, butteriest anchovies that you've ever had! Enjoy with good bread and butter, simmered into a rich tomato pasta sauce, or on a perfect caesar salad. They are packed into tins with premium Spanish extra virgin olive oil, sourced directly from farmers in Northern Spain."
Fish,정어리 (Sardines),Fishwife,Spain,,,,,"Fishwife Sardines w/Hot Pepper, 4.2oz",4.2oz,124,12.99,10.46,Out of Stock,,,850046148057,73316,https://delaurenti.com/fishwife-sardines-w-hot-pepper-42oz-850046148057-73316/,https://cdn.powered-by-nitrosell.com/product_images/26/6472/thumb-Fishwife%20Sardines%20with%20Hot%20Pepper.jpg,"The term ""Fishwife"" dates back to the 16th century, and originally referred to the daughters or wives of fishermen who sold fish at the market. The term gradually evolved into gendered insult for women who were brash, foul-mouthed, and brassy. The women at this female-founded and led food company can relate!

These Sardines with Hot Pepper are responsibly wild-caught off the coast of Cornwall, England in the only MSC-certified sustainable sardine fishery in Europe. They are then hand-packed using traditional methods with Spanish extra virgin olive oil."
Fish,정어리 (Sardines),Fishwife,Spain,,,,,"Fishwife Sardines w/Preserved Lemon, 4.2oz",4.2oz,124,12.99,10.46,In Stock,,,850046148040,70533,https://delaurenti.com/fishwife-sardines-w-preserved-lemon-42oz-850046148040-70533/,https://cdn.powered-by-nitrosell.com/product_images/26/6472/thumb-Fishwife%20Sardines%20with%20Preserved%20Lemon.jpg,"The term ""Fishwife"" dates back to the 16th century, and originally referred to the daughters or wives of fishermen who sold fish at the market. The term gradually evolved into gendered insult for women who were brash, foul-mouthed, and brassy. The women at this female-founded and led food company can relate!

These Sardines with Preserved Lemon are responsibly wild-caught off the coast of Cornwall, England in the only MSC-certified sustainable sardine fishery in Europe. They are then hand-packed using traditional methods with Spanish extra virgin olive oil."
Fish,대구/기타 흰살 생선 (Cod & Other Whitefish),Fishwife,Scotland,,,,,"Fishwife Slow Smoked Mackeral, 3.7oz",3.7oz,109,11.99,10.96,Out of Stock,,,850046148002,73537,https://delaurenti.com/fishwife-slow-smoked-mackeral-37oz-850046148002-73537/,https://cdn.powered-by-nitrosell.com/product_images/26/6472/thumb-Fishwife%20Mackerel.jpg,"The term ""Fishwife"" dates back to the 16th century, and originally referred to the daughters or wives of fishermen who sold fish at the market. The term gradually evolved into gendered insult for women who were brash, foul-mouthed, and brassy. The women at this female-founded and led food company can relate!

This Mackeral is hand-cut, sweetcured, and slowly smoked over natural wood, then hand-packed and infused in-house with crushed chillis and garlic for a savory, rich flavor with a bite of heat. It is responsibly wild-caught by family-owned boats in the Northeast Atlantic during the winter months when mackerel quality is at its peak."
Fish,연어/송어 (Salmon & Trout),Fishwife,Idaho,,,,,"Fishwife Smoked Rainbow Trout, 2.8oz",2.8oz,83,14.99,18.1,Out of Stock,,,850046148095,70532,https://delaurenti.com/fishwife-smoked-rainbow-trout-28oz-850046148095-70532/,https://cdn.powered-by-nitrosell.com/product_images/26/6472/thumb-Fishwife%20Rainbow%20Trout.jpg,"The term ""Fishwife"" dates back to the 16th century, and originally referred to the daughters or wives of fishermen who sold fish at the market. The term gradually evolved into gendered insult for women who were brash, foul-mouthed, and brassy. The women at this female-founded and led food company can relate!

This smoked rainbow trout is responsibly raised on a farm in the Danish countryside. It's smoked in small batches over natural wood and hand-packed in olive oil in a microcannery outside of Copenhagen."
Fish,연어/송어 (Salmon & Trout),Fishwife,Norway,,,,,"Fishwife Smoked Salmon w/Sichuan Chili Crisp, 3.2oz",3.2oz,95,19.99,21.12,Out of Stock,,,860006380410,71006,https://delaurenti.com/fishwife-smoked-salmon-w-sichuan-chili-crisp-32oz-860006380410-71006/,https://cdn.powered-by-nitrosell.com/product_images/26/6472/thumb-Fishwife%20Smoked%20Salmon%20with%20Chili%20Crisp.jpg,"The term ""Fishwife"" dates back to the 16th century, and originally referred to the daughters or wives of fishermen who sold fish at the market. The term gradually evolved into gendered insult for women who were brash, foul-mouthed, and brassy. The women at this female-founded and led food company can relate!

These tins are a flavor-packed smash of Fishwife's caramelized, tender, and campfire-y smoked salmon and Fly By Jing's sweet, tangy, spicy and umami-rich Zhong sauce. Limited run, so get it while you can!"
Fish,연어/송어 (Salmon & Trout),Fishwife,Norway,,,,,"Fishwife Smoked Salmon, 3.5oz",3.5oz,104,16.99,16.41,Out of Stock,,,195893872817,70453,https://delaurenti.com/fishwife-smoked-salmon-35oz-195893872817-70453/,https://cdn.powered-by-nitrosell.com/product_images/26/6472/thumb-Fishwife%20Smoked%20Salmon.jpg,"The term ""Fishwife"" dates back to the 16th century, and originally referred to the daughters or wives of fishermen who sold fish at the market. The term gradually evolved into gendered insult for women who were brash, foul-mouthed, and brassy. The women at this female-founded and led food company can relate!

This Atlantic smoked salmon is sourced directly from Kvarøy Arctic, the first finfish farm to carry the Fair Trade USA seal, and BAP, ASC and Global G.A.P. certification. It is smoked in small batches over a mix of beech, maple, and birch wood, hand-packed, and canned by fifth-generation family-run cannery on the central coast of Washington."
Fish,참치 (Tuna),Fishwife,Spain,,,,,"Fishwife Spicy Albacore, 3.2oz",3.2oz,95,12.99,13.73,In Stock,,,850046148071,74569,https://delaurenti.com/fishwife-spicy-albacore-32oz-850046148071-74569/,https://cdn.powered-by-nitrosell.com/product_images/26/6472/thumb-Fishwife%20Albacore%20Spicy%201.jpg,"The term ""Fishwife"" dates back to the 16th century, and originally referred to the daughters or wives of fishermen who sold fish at the market. The term gradually evolved into gendered insult for women who were brash, foul-mouthed, and brassy. The women at this female-founded and led food company can relate!

Incredibly tender, bursting with flavor, buttery with each bite, and satisfyingly clean and simple, this Spicy Albacore Tuna in Olive Oil may be the only tuna you will want in your pantry. Enjoy with potato chips and hot sauce, stirred into a simple pasta with lemon or straight from the can with a fork!"
Fish,"문어/오징어/갑오징어 (Octopus, Squid & Cuttlefish)",Gueyu Mar,Spain,,,,,"Güeyu Mar Chargrilled Octopus, 5.6oz",5.6oz,166,41.99,25.35,In Stock,,,111900013008,69979,https://delaurenti.com/geyu-mar-chargrilled-octopus-56oz-111900013008-69979/,https://cdn.powered-by-nitrosell.com/product_images/26/6472/thumb-Gueyu%20Mar%20Octopus.jpg,"Güeyu Mar, located on the north coast of Spain, is one of the country’s most famous restaurants. Chef Abel Álvarez has elevated the Spanish delicacy of canned seafood. The canning venture sprung up as a way to keep the tiny seasonal restaurant’s staff employed year-round. These are their braised Cantabrian octopus in rare full pieces. Preserved in extra virgin olive oil Arbequina de Torre de Canena, they make amazing tapas. Cut the octopus into bite-sized slices with scissors, sprinkle with coarse salt and spicy and sweet paprika, drizzle with olive oil, and add on top of slices of small boiled, peeled potato."
Fish,"조개/홍합/굴/가리비 (Clams, Mussels, Oysters & Scallops)",Gueyu Mar,Spain,,,,,"Güeyu Mar Chargrilled Razor Clam Pate, 2.79oz",2.79oz,83,20.99,25.44,In Stock,,,8437018169443,75808,https://delaurenti.com/geyu-mar-chargrilled-razor-clam-pate-279oz-8437018169443-75808/,https://cdn.powered-by-nitrosell.com/product_images/26/6472/thumb-Gueyu%20Mar%20Razor%20Clam%20Pate.jpg,"Güeyu Mar, located on the north coast of Spain, is one of the country’s most famous restaurants. Chef Abel Álvarez has elevated the Spanish delicacy of canned seafood. The canning venture sprung up as a way to keep the tiny seasonal restaurant’s staff employed year-round. Güeyu Mar's razor clam pate is hand crafted with fresh caught razor clams meticulously cleaned and then grilled over oak wood. They are bllended with nori seaweed and exquisite extra virgin olive oil from Torre de Canena."
Fish,참치 (Tuna),Gueyu Mar,Spain,,,,,"Güeyu Mar Chargrilled Red Tuna Pate, 2.4oz",2.4oz,71,13.99,19.71,In Stock,,,843701816933,72067,https://delaurenti.com/geyu-mar-chargrilled-red-tuna-pate-24oz-843701816933-72067/,https://cdn.powered-by-nitrosell.com/product_images/26/6472/thumb-Gueyu%20Mar%20Tuna%20Pate.jpg,"Güeyu Mar, located on the north coast of Spain, is one of the country’s most famous restaurants. Chef Abel Álvarez has elevated the Spanish delicacy of canned seafood. The canning venture sprung up as a way to keep the tiny seasonal restaurant’s staff employed year-round. This pate is made with red tuna loin from the north of the Cantabrian Sea. The tuna is braised over open fire, crushed and mixed with nori seaweed and Arbequina extra virgin olive oil from Castillo de Canena to form a smooth and rich, creamy, spreadable pate for over toasted bread or crackers."
Fish,정어리 (Sardines),Gueyu Mar,Spain,,,,,"Güeyu Mar Chargrilled Sardine Loin, 5.3oz",5.3oz,157,29.99,19.13,In Stock,,,8437018169016,68084,https://delaurenti.com/geyu-mar-chargrilled-sardine-loin-53oz-8437018169016-68084/,https://cdn.powered-by-nitrosell.com/product_images/26/6472/thumb-Gueyu%20Mar%20Sardine%20Loin.jpg,"üeyu Mar, located on the north coast of Spain, is one of the country’s most famous restaurants. Chef Abel Álvarez has elevated the Spanish delicacy of canned seafood. The canning venture sprung up as a way to keep the tiny seasonal restaurant’s staff employed year-round. These amazing sardine loins are from Asturias or Rias Baixas depending on the season. They are roasted with oak wood and kept in Arbequina extra virgin olive oil from Castillo de Canena, a high quality and smooth oil that does not detract from the sardine. The loin of the sardine is even a more coveted cut than the tail. You are about to enjoy the richest part of the sardine bathed in extra virgin olive oil with just a touch of smoke."
Fish,정어리 (Sardines),Gueyu Mar,Spain,,,,,"Güeyu Mar Chargrilled Sardine Tails, 5.3oz",5.3oz,157,26.99,17.22,In Stock,,,111900013003,68081,https://delaurenti.com/geyu-mar-chargrilled-sardine-tails-53oz-111900013003-68081/,https://cdn.powered-by-nitrosell.com/product_images/26/6472/thumb-Gueyu%20Mar%20Sardine%20Tail%20Spicy.jpg,"Güeyu Mar, located on the north coast of Spain, is one of the country’s most famous restaurants. Chef Abel Álvarez has elevated the Spanish delicacy of canned seafood. The canning venture sprung up as a way to keep the tiny seasonal restaurant’s staff employed year-round. These beauties are sardine tails from Asturias and Rias Baixas depending on the season. They are roasted with oak wood and kept in Arbequina extra virgin olive oil from Castillo de Canena, a high quality and smooth oil that does not overpower the sardine."
Fish,참치 (Tuna),Gueyu Mar,Spain,,,,,"Güeyu Mar Grilled Albacore Tuna in EVOO, 105g",105g,,39.99,,In Stock,,,111900013009,70184,https://delaurenti.com/geyu-mar-grilled-albacore-tuna-in-evoo-105g-111900013009-70184/,https://cdn.powered-by-nitrosell.com/product_images/26/6472/thumb-Gueyu%20Mar%20Albacore%20Tuna.jpg,"Güeyu Mar, located on the north coast of Spain, is one of the country’s most famous restaurants. Chef Abel Álvarez has elevated the Spanish delicacy of canned seafood. The canning venture sprung up as a way to keep the tiny seasonal restaurant’s staff employed year-round. They use the finest albacore and chargrill the meat over wood fire before packing it in Arbequina extra virgin olive oil. The texture and flavor of the meat redefine how good canned fish can be. Use it to make an inspired Salad Niçoise, or a simple elegant pasta of Güeyu Mar Albacore, linguine, a little garlic, and some chopped Italian parsley."
Fish,"조개/홍합/굴/가리비 (Clams, Mussels, Oysters & Scallops)",Gueyu Mar,Spain,,,,,"Güeyu Mar Grilled Razor Clams in EVOO, 140g",140g,,49.99,,In Stock,,,111900013005,68080,https://delaurenti.com/geyu-mar-grilled-razor-clams-in-evoo-140g-111900013005-68080/,https://cdn.powered-by-nitrosell.com/product_images/26/6472/thumb-Gueyu%20Razor%20Clam%20Grilled.jpg,"Güeyu Mar, located on the north coast of Spain, is one of the country’s most famous restaurants. Chef Abel Álvarez has elevated the Spanish delicacy of canned seafood. The canning venture sprung up as a way to keep the tiny seasonal restaurant’s staff employed year-round. They use hand-caught razor clams, so they are sand free and don’t need to be purged. The meat is chargrilled over a mix of birch, beech, and oak wood and preserved in Arbequina extra virgin olive oil. You won’t know just how good canned seafood can be until you’ve tried Güeyu Mar’s line of delicious products."
Fish,참치 (Tuna),Gueyu Mar,Spain,,,,,"Güeyu Mar Grilled Red Tuna Loin in EVOO, 105g",105g,,54.99,,In Stock,,,111900013010,70185,https://delaurenti.com/geyu-mar-grilled-red-tuna-loin-in-evoo-105g-111900013010-70185/,https://cdn.powered-by-nitrosell.com/product_images/26/6472/thumb-Gueyu%20Mar%20Red%20Tuna.jpg,"Güeyu Mar, located on the north coast of Spain, is one of the country’s most famous restaurants. Chef Abel Álvarez has elevated the Spanish delicacy of canned seafood. The canning venture sprung up as a way to keep the tiny seasonal restaurant’s staff employed year-round. They use the choice cut and chargrill the tenderloin over a wood fire before packing it in Arbequina extra virgin olive oil. An intoxicating smokiness enlivens the flavor of this delicious fish. Canned seafood wasn’t meant to be this good!"
Fish,정어리 (Sardines),Gueyu Mar,Spain,,,,,"Güeyu Mar Grilled Sardine Pate, 2.4oz",2.4oz,71,13.99,19.71,In Stock,,,111900013451,72066,https://delaurenti.com/geyu-mar-grilled-sardine-pate-24oz-111900013451-72066/,https://cdn.powered-by-nitrosell.com/product_images/26/6472/thumb-Gueyu%20Mar%20Sardine%20Pate.jpg,"Güeyu Mar, located on the north coast of Spain, is one of the country’s most famous restaurants. Chef Abel Álvarez has elevated the Spanish delicacy of canned seafood. The canning venture sprung up as a way to keep the tiny seasonal restaurant’s staff employed year-round. This patte is made with Sardines from Asturias or Rías Baixas depending on the season, roasted over oak wood. Crushed and mixed with nori seaweed and exquisite Arbequina extra virgin olive oil from Castillo de Canena. A spreadable pâté over crackers or toasted bread."
Fish,"조개/홍합/굴/가리비 (Clams, Mussels, Oysters & Scallops)",Gueyu Mar,Spain,,,,,"Güeyu Mar Grilled Small Mussels in Marinade Sauce, 95g",95g,,31.99,,In Stock,,,8437018169191,70186,https://delaurenti.com/geyu-mar-grilled-small-mussels-in-marinade-sauce-95g-8437018169191-70186/,https://cdn.powered-by-nitrosell.com/product_images/26/6472/thumb-Gueyu%20Mar%20Mussels%20Grilled.jpg,"Güeyu Mar, located on the north coast of Spain, is one of the country’s most famous restaurants. Chef Abel Álvarez has elevated the Spanish delicacy of canned seafood. The canning venture sprung up as a way to keep the tiny seasonal restaurant’s staff employed year-round. They use premium mussels from the icy Atlantic waters of Galicia and chargrill them over eucalyptus wood fire and can them in Arbequina extra virgin olive with a bit of apple cider vinegar. An intoxicating smokiness and the tang of the pickling solution gives these mussels an unforgettable flavor. Enjoy them straight from the can or use them in a simple cioppino."
Fish,"조개/홍합/굴/가리비 (Clams, Mussels, Oysters & Scallops)",Gueyu Mar,Spain,,,,,"Güeyu Mar Grilled Spicy Cockles in EVOO, 140g",140g,,59.99,,In Stock,,,111900013006,68079,https://delaurenti.com/geyu-mar-grilled-spicy-cockles-in-evoo-140g-111900013006-68079/,https://cdn.powered-by-nitrosell.com/product_images/26/6472/thumb-Gueyu%20Mar%20Cockles.jpg,"Güeyu Mar, located on the north coast of Spain, is one of the country’s most famous restaurants. Chef Abel Álvarez has elevated the Spanish delicacy of canned seafood. The canning venture sprung up as a way to keep the tiny seasonal restaurant’s staff employed year-round. These cockles are chargrilled over a mix of birch, beech, and oak wood, packed with a dash of habanero pepper, and preserved in Arbequina extra virgin olive oil. The delicate cockles have an intoxicating smokiness and a mild, lively spiciness. Add a can of these to fresh linguine with a splash of white wine and chopped parsley for a delicious smoky vongole."
Fish,정어리 (Sardines),Gueyu Mar,Spain,,,,,"Güeyu Mar Spicy Sardine Tails in Pickle Sauce, 140g",140g,,26.99,,In Stock,,,843701816921,73906,https://delaurenti.com/geyu-mar-spicy-sardine-tails-in-pickle-sauce-140g-843701816921-73906/,https://cdn.powered-by-nitrosell.com/product_images/26/6472/thumb-Gueyu%20Mar%20Sardine%20Tail%20Spicy%20in%20Marinade.jpg,"Güeyu Mar, located on the north coast of Spain, is one of the country’s most famous restaurants. Chef Abel Álvarez has elevated the Spanish delicacy of canned seafood. The canning venture sprung up as a way to keep the tiny seasonal restaurant’s staff employed year-round. They chargrill the tails of large sardines over an oak fire and can the fish in Arbequina extra virgin olive with a bit of apple cider vinegar and warm aromatic spices. You’ve never had sardines quite like these. Intoxicatingly smoky, with an irresistible tang."
Fish,정어리 (Sardines),Nuri,Portugal,,,,,"Nuri Sardines in Olive Oil, 4.4oz",4.4oz,130,10.99,8.45,In Stock,,,5601268100072,74192,https://delaurenti.com/nuri-sardines-in-olive-oil-44oz-5601268100072-74192/,https://cdn.powered-by-nitrosell.com/product_images/26/6472/thumb-Nuri%20Sardines%201.jpg,"With a selected and limited production, you can trust that each can of Nuri is of unparalleled quality. All ingredients are selected by hand and their unique, traditional methods have been maintained from generation to generation. Nuri is an Arabic word meaning ""shine"", a symbol of the exceptional quality and brightness of this brand. These are their classic Sardines in Olive Oil...the only other ingredient in the can is a touch of salt. Enjoy right from the can or top your crostini or salad!"
Fish,고등어 (Mackerel),Nuri,Portugal,,,,,"Nuri Spiced Mackerel in Olive Oil, 4.4oz",4.4oz,130,10.99,8.45,In Stock,,,5601268100386,74193,https://delaurenti.com/nuri-spiced-mackerel-in-olive-oil-44oz-5601268100386-74193/,https://cdn.powered-by-nitrosell.com/product_images/26/6472/thumb-Nuri%20Mackerel%201.jpg,"With a selected and limited production, you can trust that each can of Nuri is of unparalleled quality. All ingredients are selected by hand and their unique, traditional methods have been maintained from generation to generation. Nuri is an Arabic word meaning ""shine"", a symbol of the exceptional quality and brightness of this brand. With a legacy of over 100 years, Nuri Spiced Mackerel in Olive Oil is produced by Pinhais & Cª Lda, a family-owned canning company in Matosinhos, Portugal, that has remained faithful to traditional production methods to ensure the highest quality and flavor."
Fish,정어리 (Sardines),Nuri,Portugal,,,,,"Nuri Spiced Sardine Pate, 2.65oz",2.65oz,78,9.99,12.75,In Stock,,,5601268100560,75880,https://delaurenti.com/nuri-spiced-sardine-pate-265oz-5601268100560-75880/,https://cdn.powered-by-nitrosell.com/product_images/26/6472/thumb-Nuri%20Sardine%20Pate.jpg,"With a selected and limited production, you can trust that each can of Nuri is of unparalleled quality. All ingredients are selected by hand and their unique, traditional methods have been maintained from generation to generation. Nuri is an Arabic word meaning ""shine"", a symbol of the exceptional quality and brightness of this brand. Nuri's spicy sardine pate is smooth and delicious, made with high quality olive oil, tomato, carrots, chickpeas, chili, clove & laurel. All you need is some crostini!"
Fish,정어리 (Sardines),Nuri,Portugal,,,,,"Nuri Spiced Sardines in Olive Oil, 4.4oz",4.4oz,130,10.99,8.45,In Stock,,,5601268100997,74191,https://delaurenti.com/nuri-spiced-sardines-in-olive-oil-44oz-5601268100997-74191/,https://cdn.powered-by-nitrosell.com/product_images/26/6472/thumb-Nuri%20Spiced%20Sardines%201.jpg,"With a selected and limited production, you can trust that each can of Nuri is of unparalleled quality. All ingredients are selected by hand and their unique, traditional methods have been maintained from generation to generation. Nuri is an Arabic word meaning ""shine"", a symbol of the exceptional quality and brightness of this brand. Nuri Spiced Sardines are marinated in quality olive oil with cucumber, chili, carrot, salt, cloves, black pepper and laurel."
Fish,정어리 (Sardines),Nuri,Portugal,,,,,"Nuri Spiced Sardines in Tomato Sauce, 4.4oz",4.4oz,130,10.99,8.45,Out of Stock,,,5601268100966,75879,https://delaurenti.com/nuri-spiced-sardines-in-tomato-sauce-44oz-5601268100966-75879/,https://cdn.powered-by-nitrosell.com/product_images/26/6472/thumb-Nuri%20Sardines%20in%20Tomato.jpg,"With a selected and limited production, you can trust that each can of Nuri is of unparalleled quality. All ingredients are selected by hand and their unique, traditional methods have been maintained from generation to generation. Nuri is an Arabic word meaning ""shine"", a symbol of the exceptional quality and brightness of this brand. After being marinated in quality olive oil with cucumber, chili, carrot, salt, cloves, black pepper and laurel, these sardines are bathed in a mild tomato sauce whose recipe is a closely guarded family secret!"
Fish,대구/기타 흰살 생선 (Cod & Other Whitefish),Riga,Latvia,,,,,"Riga Smoked Sprats, 5.6oz",5.6oz,166,6.99,4.22,In Stock,,,4032549002968,30310,https://delaurenti.com/riga-smoked-sprats-56oz-4032549002968-30310/,https://cdn.powered-by-nitrosell.com/product_images/26/6472/thumb-Riga%20Sprotten.jpg,"Riga Sprats are a unique delicacy that are popular in Europe. Revered in the former Soviet Union, they have been produced in Latvia since the 19th century. Riga Sprats are smoked using traditional practices and packed in oil."
Fish,앤초비 (Anchovies),Scalia Benedetto,Italy,,,,,"Scalia Benedetto Anchovies in Olive Oil, 240g",240g,,29.99,,In Stock,,,829964000044,38497,https://delaurenti.com/scalia-benedetto-anchovies-in-olive-oil-240g-829964000044-38497/,https://cdn.powered-by-nitrosell.com/product_images/26/6472/thumb-Scalia%20Benedeto%20Anchovies%20update.jpg,"Scalia Benedetto has been producing great anchovies & sardines on the southern coast of Sicily since 1973. Cleaned and packed by hand shortly after they are caught, these anchovies are the next best thing to fresh. They ar great on pizza, as a base in sauces or enjoyed on their own as part of an appetizer. Built to last, they are good to go for up to two months in your fridge."
Fish,대구/기타 흰살 생선 (Cod & Other Whitefish),Officer,,,,,,Officer Smoked Cod Liver 190g,190g,,5.99,,In Stock,,,5702024200316,54416,https://delaurenti.com/officer-smoked-cod-liver-190g-5702024200316-54416/,https://cdn.powered-by-nitrosell.com/product_images/26/6472/thumb-OfficerFoiedeMorue.jpg,"Smoked cod liver, or foie de morue fumé, is very popular in France and can be found in every grocery store. Also known as the foie gras of the poor, cod liver is usually served on bread or toast. One of the most underrated items in our Fish section!"
Fish,앤초비 (Anchovies),Ortiz,Spain,,,,,"Ortiz Anchovies in Olive Oil, 95g",95g,,23.99,,In Stock,,Highest quality Spanish anchovies packed in olive oil,8411320105108,44060,https://delaurenti.com/ortiz-anchovies-in-olive-oil-95g-8411320105108-44060/,https://cdn.powered-by-nitrosell.com/product_images/26/6472/thumb-Ortiz%20Anchovies%20in%20EVOO%2090g.jpg,"These traditional-style anchovies are produced using a craft process which differs from the method used to produce other anchovies in olive oil. They are cleaned, salted and filleted by hand with great care without removing the skin. This gives them a silver hue and conserves all the original, intense flavour of the salting process. They are then marinated in extra virgin olive oil and a touch of parsley. Great for using in recipes, but also ideal as an appetizer."
Fish,정어리 (Sardines),Ortiz,Spain,,,,,"Ortiz Sardines in Olive Oil, 190g",190g,,21.99,,Out of Stock,,,8411320801000,46964,https://delaurenti.com/ortiz-sardines-in-olive-oil-190g-8411320801000-46964/,https://cdn.powered-by-nitrosell.com/product_images/26/6472/thumb-Ortiz%20Sardines%20in%20EVOO%20glass%20jar.jpg,"People who say they don't like sardines love these sardines! Produced the same way for five generations, these are hand cleaned, fried in olive oil and packed by hand in a clear jar so you can see the quality. Great right out of the jar, or as an appetizer with shaved fennel, a drizzle of good olive oil, lemon and Italian parsley."
Fish,정어리 (Sardines),Ortiz,Spain,,,,,"Ortiz Sardines with Herbs in Olive Oil, 140g",140g,,9.99,,In Stock,,,8411320801055,51062,https://delaurenti.com/ortiz-sardines-with-herbs-in-olive-oil-140g-8411320801055-51062/,https://cdn.powered-by-nitrosell.com/product_images/26/6472/thumb-OrtizSardinasTin140g_01.jpg,"People who say don't like sardines, love these sardines! Produced the same way for five generations, these are hand cleaned, fried in olive oil and packed by hand in a clear jar so you can see the quality. Great right out of the jar, or as an appetizer with shaved fennel, good olive oil, lemon and Italian parsley."
Fish,참치 (Tuna),Ortiz,Spain,,,,,"Ortiz Tuna in Olive Oil & Espelette, 220g",220g,,22.99,,In Stock,,,8411320283059,60052,https://delaurenti.com/ortiz-tuna-in-olive-oil-espelette-220g-8411320283059-60052/,https://cdn.powered-by-nitrosell.com/product_images/26/6472/thumb-Ortiz%20Tuna%20Espelette.jpg,"Conservas Ortiz tuna are individually line caught with live bait or fly during the coastal fishing season. This age-old technique of selective fishing respects the environment and protects marine reserves. Additionally, it results in a catch that is of the highest quality and flavor. Ortiz tuna with Espelette is delicately textured and creamy - great for a perfect (but a bit spicy) Nicoise salad, tuna pasta with lemon and Italian parsley or right out of the glass jar."
Fish,참치 (Tuna),Ortiz,Spain,,,,,"Ortiz Tuna in Olive Oil, 220g",220g,,22.99,,In Stock,,,686412282984,27671,https://delaurenti.com/ortiz-tuna-in-olive-oil-220g-686412282984-27671/,https://cdn.powered-by-nitrosell.com/product_images/26/6472/thumb-OrtizTunaGlass_03.jpg,"Conservas Ortiz tuna are individually line caught with live bait or fly during the coastal fishing season. This age-old technique of selective fishing respects the environment and protects marine reserves. Additionally, it results in a catch that is of the highest quality and flavor. Ortiz tuna is delicately textured and creamy - great for a perfect Nicoise salad, tuna pasta with lemon and Italian parsley or right out of the glass jar."
Fish,연어/송어 (Salmon & Trout),Drifter's Fish,Alaska,,,,,"Drifter's Fish Smoked Alaskan Smoked Sockeye, 3.5oz",3.5oz,104,20.99,20.28,Out of Stock,NEW,"Caught, smoked & canned by hand!",00545212514544,76709,https://delaurenti.com/drifters-fish-smoked-alaskan-smoked-sockeye-35oz-00545212514544-76709/,https://cdn.powered-by-nitrosell.com/product_images/26/6472/thumb-Drifters%20Tin.jpg,"This fish is brought to you by Michael & Nellie Hand - the husband and wife team behind Drifter's Fish. Every amazing tin is thanks to their hard work. Their Prince William Sound sockeye salmon is sustainably harvested from the wild waters of Alaska and smoked traditionally over natural alderwood, and then hand-packed into easy open tins. With a salty, smoky flavor, it is perfect with crackers, on a bagel with cream cheese, with fresh pasta & peas, or straight out of the jar!"
Fish,"조개/홍합/굴/가리비 (Clams, Mussels, Oysters & Scallops)",Ekone,Washington,,,,,"Ekone Smoked Habanero Hots Oysters, 85g",85g,,15.99,,In Stock,,,747094200106,75298,https://delaurenti.com/ekone-smoked-habanero-hots-oysters-85g-747094200106-75298/,https://cdn.powered-by-nitrosell.com/product_images/26/6472/thumb-Ekone%20Smoked%20Oysters%20Habanero.jpg,"Since 1980, the shellfish farmers behind Ekone have been smoking local oysters in one of the country's few independent canneries, on the shores of Willapa Bay, Washington.

In their Habanero Hots tin, each oyster is immersed in two distinct, flavorful Habanero sauces, infusing them with the perfect level of heat. The oysters are then carefully placed on stainless steel racks and gently cold-smoked, preserving their natural umami flavor while adding a smoky depth. These smoked oysters are a must-try for anyone craving a bold, spicy, and smoky treat!"
Fish,"조개/홍합/굴/가리비 (Clams, Mussels, Oysters & Scallops)",Ekone,Washington,,,,,"Ekone Smoked Lemon Pepper Oysters, 85g",85g,,15.99,,In Stock,,,747094200120,75299,https://delaurenti.com/ekone-smoked-lemon-pepper-oysters-85g-747094200120-75299/,https://cdn.powered-by-nitrosell.com/product_images/26/6472/thumb-Ekone%20Smoked%20Oysters%20Lemon%20Pepper.jpg,"Since 1980, the shellfish farmers behind Ekone have been smoking local oysters in one of the country's few independent canneries, on the shores of Willapa Bay, Washington.

These premium oysters are brined and carefully arranged on stainless steel racks, then slowly smoked with authentic maple, birch, and beech wood chips, allowing them to absorb a rich symphony of smoky nuances that enhance their natural flavor. We take it a step further by infusing these oysters with a subtle yet enticing lemon pepper spice blend, adding a zesty kick that perfectly complements the smoky undertones. A great choice for seafood lovers looking for a flavorful snack with a balance of smokiness and citrusy tang."
Fish,"조개/홍합/굴/가리비 (Clams, Mussels, Oysters & Scallops)",Ekone,Washington,,,,,"Ekone Smoked Original Oysters, 85g",85g,,15.99,,In Stock,,,747094200014,55499,https://delaurenti.com/ekone-smoked-original-oysters-85g-747094200014-55499/,https://cdn.powered-by-nitrosell.com/product_images/26/6472/thumb-Ekone%20Smoked%20Oysters%20Original.jpg,"Since 1980, the shellfish farmers behind Ekone have been smoking local oysters in one of the country's few independent canneries, on the shores of Willapa Bay, Washington.

Ekone's Original Smoked Oysters allow the pure flavor of the oysters to take center stage. Each bite is a celebration of nature's bounty, an ode to the maritime legacy of Willapa Bay; from Tide To Tin. Elevate your dinner, snack, or party board with these hand-crafted smoked oysters—a taste of the Pacific Northwest that is unrivaled in quality and taste."
Fish,연어/송어 (Salmon & Trout),Fangst,Denmark,,,,,"Fangst Faroe Islands Danish Freshwater Trout, 110g",110g,,15.99,,In Stock,,smoked with juniper & lemon thyme,5700002120168,69846,https://delaurenti.com/fangst-faroe-islands-danish-freshwater-trout-110g-5700002120168-69846/,https://cdn.powered-by-nitrosell.com/product_images/26/6472/thumb-Fangst%20Trout.jpg,"Fangst is a small Danish food company specializing in canned seafood. Drawing on traditional methods of preserving seafood, Fangst works with fishermen, scientists, chefs, and farmers to create sustainably produced premium Nordic seafood products and bring them to a wider audience. Inspired by Fangst co-founder Martin's father, this freshwater trout is lightly smoked with lemon & thyme. Smoky, briney & herbaceous, it is perfect straight from the tin or as the base to your famous smoked trout dip with cream cheese & creme fraiche!"
Fish,연어/송어 (Salmon & Trout),Fangst,Denmark,,,,,"Fangst Faroe Islands Flash Grilled Salmon, 110g",110g,,13.99,,In Stock,,,5700002120199,69156,https://delaurenti.com/fangst-faroe-islands-flash-grilled-salmon-110g-5700002120199-69156/,https://cdn.powered-by-nitrosell.com/product_images/26/6472/thumb-Fangst%20Salmon%201.jpg,"Fangst is a small Danish food company specializing in canned seafood. Drawing on traditional methods of preserving seafood, Fangst works with fishermen, scientists, chefs, and farmers to create sustainably produced premium Nordic seafood products and bring them to a wider audience. Fangst gets their salmon from the Faroe Islands in the North Atlantic, where clear waters, cool steady temperatures, strong currents, and protected fjords provide an ideal environment for salmon. The salmon is flash grilled, salted, and preserved in cold-pressed rapeseed oil. Keep a few of these in the pantry and a box or two of good crackers, and you’ll never be short of an elegant ready-in-seconds appetizer."
Fish,"조개/홍합/굴/가리비 (Clams, Mussels, Oysters & Scallops)",Fangst,Denmark,,,,,"Fangst Faroe Islands Limfjord Blue Mussels, 110g",110g,,13.99,,In Stock,,marinated with dill and fennel seeds,5700002120144,69155,https://delaurenti.com/fangst-faroe-islands-limfjord-blue-mussels-110g-5700002120144-69155/,https://cdn.powered-by-nitrosell.com/product_images/26/6472/thumb-Fangst%20Blue%20Mussels%201.jpg,"Fangst is a small Danish food company specializing in canned seafood. Drawing on traditional methods of preserving seafood, Fangst works with fishermen, scientists, chefs, and farmers to create sustainably produced premium Nordic seafood products and bring them to a wider audience. Limfjord Blue Mussels grow slowly in the cold water of the Danish inlet Limfjorden, which gives them a particularly fine taste and

texture. Fangst preserves the mussels in a marinade of cold-pressed rapeseed oil, apple vinegar, dill, and fennel seeds. Get hygge with them: Brush your favorite baguette with olive oil and garlic, crisp it on the grill, open a can of these mussels and a bottle of white, and enjoy one of the Nordic secrets to a happy life."
Fish,정어리 (Sardines),Fangst,Denmark,,,,,"Fangst Faroe Islands Nordic Sardine No. 1, 100g",100g,,11.99,,In Stock,,smoked with heather & camomile,5700002120113,69152,https://delaurenti.com/fangst-faroe-islands-nordic-sardine-no-1-100g-5700002120113-69152/,https://cdn.powered-by-nitrosell.com/product_images/26/6472/thumb-Fangst%20Sardine%20No%201%201.jpg,"Fangst is a small Danish food company specializing in canned seafood. Drawing on traditional methods of preserving seafood, Fangst works with fishermen, scientists, chefs, and farmers to create sustainably produced premium Nordic seafood products and bring them to a wider audience. Sea sprat is a Nordic version of sardine. Fangst gently smokes these delicate, small fish with heather and chamomile, adding slight char and floral notes to the flavor. Preserved in cold-pressed rapeseed oil. Excellent straight from the can with a squeeze of lemon."
Fish,정어리 (Sardines),Fangst,Denmark,,,,,"Fangst Faroe Islands Nordic Sardine No. 2, 100g",100g,,11.99,,In Stock,,smoked over beech wood,5700002120120,69153,https://delaurenti.com/fangst-faroe-islands-nordic-sardine-no-2-100g-5700002120120-69153/,https://cdn.powered-by-nitrosell.com/product_images/26/6472/thumb-Fangst%20Sardine%20No%202%201.jpg,"Fangst is a small Danish food company specializing in canned seafood. Drawing on traditional methods of preserving seafood, Fangst works with fishermen, scientists, chefs, and farmers to create sustainably produced premium Nordic seafood products and bring them to a wider audience. Sea sprat is a Nordic version of sardine. Fangst smokes the delicate, small fish before preserving them in cold-pressed rapeseed oil. Make canapés with these by adding a schmear of garlicky aioli to toasted bread and a forkful of Fangst’s smoked sea sprat. Or add them to a white bean and tomato salad for a tasty lunch."
Fish,정어리 (Sardines),Fangst,Denmark,,,,,"Fangst Faroe Islands Nordic Sardine No. 4, 100g",100g,,11.99,,In Stock,,mildly spiced with allspice & clove,5700002120175,69154,https://delaurenti.com/fangst-faroe-islands-nordic-sardine-no-4-100g-5700002120175-69154/,https://cdn.powered-by-nitrosell.com/product_images/26/6472/thumb-Fangst%20Sardine%20No%204%201.jpg,"Fangst is a small Danish food company specializing in canned seafood. Drawing on traditional methods of preserving seafood, Fangst works with fishermen, scientists, chefs, and farmers to create sustainably produced premium Nordic seafood products and bring them to a wider audience. Sea sprat is a Nordic version of sardine. Fangst prepares the delicate, small fish by lightly salting and drying them before preserving them in cold-pressed rapeseed oil. Excellent in pastas and salads—or straight from the can."
Fish,"어란/캐비아/보타르가 (Roe, Caviar & Bottarga)",Fangst,Denmark,,,,,"Fangst Faroe Islands Norwegian Sea Herring, 100g",100g,,11.99,,In Stock,,smoked with white pepper & ramson (wild garlic),5700002120106,73117,https://delaurenti.com/fangst-faroe-islands-norwegian-sea-herring-100g-5700002120106-73117/,https://cdn.powered-by-nitrosell.com/product_images/26/6472/thumb-Fangst%20Herring.jpg,"Fangst is a small Danish food company specializing in canned seafood. Drawing on traditional methods of preserving seafood, Fangst works with fishermen, scientists, chefs, and farmers to create sustainably produced premium Nordic seafood products and bring them to a wider audience. Herring has been fundamental to Nordic fishing, trade and food culture since the Middle Ages. The herring in this Fangst tin is of the 'Atlantic' species, caught in The Norwegian Sea. With a light smoke from beech wood and a mild spicing of white pepper and ramson (wild garlic), the herring has a taste of the coast with a hint of the forest."
Fish,대구/기타 흰살 생선 (Cod & Other Whitefish),Fangst,Denmark,,,,,"Fangst Greenland Halibut with Arctic Thyme, 110g",110g,,16.99,,In Stock,NEW,,5745000838202,77647,https://delaurenti.com/fangst-halibut-arctic-thyme-5745000838202-77647/,https://cdn.powered-by-nitrosell.com/product_images/26/6472/thumb-Fangst%20Hellefisk%20Greenland%20Halibut.jpg,"Fangst is a small Danish food company specializing in canned seafood. Drawing on traditional methods of preserving seafood, Fangst works with fishermen, scientists, chefs, and farmers to create sustainably produced premium Nordic seafood products and bring them to a wider audience. Inspired by Fangst co-founder Martin's father, this freshwater trout is lightly smoked with lemon & thyme. Smoky, briney & herbaceous, it is perfect straight from the tin or as the base to your famous smoked trout dip with cream cheese & creme fraiche!"
Fish,참치 (Tuna),Matiz,Spain,,,,,"Matiz Bonito del Norte Tuna, 113g",113g,,10.99,,In Stock,,,832924005270,54179,https://delaurenti.com/matiz-bonito-del-norte-tuna-113g-832924005270-54179/,https://cdn.powered-by-nitrosell.com/product_images/26/6472/thumb-MatizSmallSardPiquillo.jpg,"Long prized for its exceptional flavor and texture, this white meat Spanish bonito tuna is quite different than regular water-packed tuna you find on supermarket shelves. Pole-caught (and dolphin-free) from the Bay of Biscay in the Basque province of northern Spain, it is hand packed fresh from the ocean and preserved in Spanish olive oil with a touch of sea salt. Enjoy it on sandwiches, salads, and pasta, or stuffed in piquillo peppers with capers and parsley!"
Fish,"조개/홍합/굴/가리비 (Clams, Mussels, Oysters & Scallops)",Matiz,Spain,,,,,"Matiz Mussels, 111g",111g,,9.99,,In Stock,,,832924005263,53412,https://delaurenti.com/matiz-mussels-111g-832924005263-53412/,https://cdn.powered-by-nitrosell.com/product_images/26/6472/thumb-MatizMussels.jpg,"Matiz is renowned for its exceptional seafood. These tender, delicious Spanish mussels come from the wild coast of Galicia in northern Spain. Organically cultivated, they are prepared in the local style, gently simmered and marinated in organic extra virgin olive oil, vinegar and spices to yield an exceptionally plump and tender mussel.

Sprinkle with Spanish pimentón, sauté with onions and roasted peppers, or serve with pasta sauce and bread!"
Fish,"문어/오징어/갑오징어 (Octopus, Squid & Cuttlefish)",Matiz,Spain,,,,,"Matiz Octopus in Olive Oil, 111g",111g,,18.99,,In Stock,,,832924005218,36885,https://delaurenti.com/matiz-octopus-in-olive-oil-111g-832924005218-36885/,https://cdn.powered-by-nitrosell.com/product_images/26/6472/thumb-MatizOctopusOliveOil_02.jpg,"This octopus is wild-caught in the Atlantic waters off the coasts of Spain, Portugal, and Morocco in traditional octopus pots. Enjoy them straight from the can, or gently fry them with Spanish pimenton, olive oil, salt, and a touch of lemon."
Fish,정어리 (Sardines),Matiz,Spain,,,,,"Matiz Sardines in Olive Oil, 120g",120g,,6.99,,In Stock,,,832924005201,34422,https://delaurenti.com/matiz-sardines-in-olive-oil-120g-832924005201-34422/,https://cdn.powered-by-nitrosell.com/product_images/26/6472/thumb-MatizSardinesOliveOil_01.jpg,"These sardines are wild-caught off the coasts of Spain, Italy and Croatia and hand-packed in northern Spain. These are some of the finest sardines in the world. Enjoy them straight from the tin, toss them with fresh vegetables or pasta, or lay them out on plate and drizzle with your favorite olive oil and a squeeze of lemon."
Fish,정어리 (Sardines),Matiz,Spain,,,,,"Matiz Sardines with Chili Pepper, 120g",120g,,6.99,,In Stock,,,832924005638,62235,https://delaurenti.com/matiz-sardines-with-chili-pepper-120g-832924005638-62235/,https://cdn.powered-by-nitrosell.com/product_images/26/6472/thumb-MatizSpicySardine.jpg,"Wild-caught in the waters of Spain, Italy and Croatia, Matiz Sardines are considered some of the finest sardines available in the world. Prized for their plump, tender texture and rich flavor, they are hand-packed fresh from the ocean in traditional Spanish style with Spanish olive oil and a touch spicy chili peppers. Great right out of the tin, on grilled bread, or tossed simply with your favorite cut of pasta."
Fish,정어리 (Sardines),Matiz,Spain,,,,,"Matiz Sardines with Lemon, 113g",113g,,6.99,,In Stock,,,832924005225,42148,https://delaurenti.com/matiz-sardines-with-lemon-113g-832924005225-42148/,https://cdn.powered-by-nitrosell.com/product_images/26/6472/thumb-MatizSardinesLemon.jpg,"Wild-caught in the waters of Spain, Italy and Croatia, Matiz Sardines are considered some of the finest sardines available in the world. Prized for their plump, tender texture and rich flavor, they are hand-packed fresh from the ocean in traditional Spanish style. This variety is preserved with Spanish olive oil and a touch of lemon. Enjoy fresh from the tin, or tossed with veggies, pasta and a touch of fresh lemon."
Fish,정어리 (Sardines),Matiz,Spain,,,,,"Matiz Small Sardines with Piquillo Pepper, 120g",120g,,7.99,,In Stock,,,832924005249,48201,https://delaurenti.com/matiz-small-sardines-with-piquillo-pepper-120g-832924005249-48201/,https://cdn.powered-by-nitrosell.com/product_images/26/6472/thumb-MatizSardinesPiquillo_01.jpg,"Wild-caught in the waters of Spain, Italy and Croatia, Matiz Sardines are considered some of the finest sardines available in the world. Prized for their plump, tender texture and rich flavor, they are hand-packed fresh from the ocean in traditional Spanish style with Spanish olive oil and sweet piquillo peppers. Great on grilled bread, right out of the tin, or along side Spanish meats & cheeses."
Fish,"조개/홍합/굴/가리비 (Clams, Mussels, Oysters & Scallops)",Matiz,Spain,,,,,"Matiz Wild Cockles, 4oz",4oz,118,14.99,12.67,In Stock,,,832924005232,44500,https://delaurenti.com/matiz-wild-cockles-4oz-832924005232-44500/,https://cdn.powered-by-nitrosell.com/product_images/26/6472/thumb-MatizCockles.jpg,"Matiz is known for it's exceptional seafood. These delicious Spanish berberechos, also known as cockles or baby clams, come from the Atlantic coast Spain, Portugal and France, areas renowned for rich marine life. They are hand-packed fresh from the ocean in Galicia, Spain, in traditional Spanish style with nothing more than a touch of sea salt, yielding plump, tender and flavorful berberechos. Enjoy fresh from the tin with a squeeze of lemon and chopped parsley, or serve with pasta sauce and bread."
Fish,정어리 (Sardines),Regalis,France,,,,,"Regalis Large Sardines, 4oz",4oz,118,14.99,12.67,Out of Stock,,,850052832292,75072,https://delaurenti.com/regalis-large-sardines-4oz-850052832292-75072/,https://cdn.powered-by-nitrosell.com/product_images/26/6472/thumb-Regalis%20Sardines%20Large.jpg,"Harvested in the Bay of Biscay off the coast of Galicia, each wild sardine is gently steamed, then deboned by hand and submerged in grassy olive oil. This process produces an especially tender texture with zero fishiness. Galicia’s famed estuaries produce some of the finest seafood in the world. Eat them on toast, in salads, or as a standalone snack. 4 to 4 pieces to a can."
Fish,"조개/홍합/굴/가리비 (Clams, Mussels, Oysters & Scallops)",,,,,,,"Regalis Marinated Mussels in Olive Oil, 4oz",4oz,118,15.99,13.52,In Stock,,,850052832285,75071,https://delaurenti.com/regalis-marinated-mussels-in-olive-oil-4oz-850052832285-75071/,https://cdn.powered-by-nitrosell.com/product_images/26/6472/thumb-Regalis%20Mussels%20in%20Olive%20Oil.jpg,"Caught in Galicia, these marinated mussels are steam shucked by hand, lightly fried in olive oil, then marinated in escabeche, a famed pimenton laced vinaigrette. The result is a tangy, slightly smoky, briny delight. Perfect on toast with spicy mayo and greens or folded into pasta!"
Fish,정어리 (Sardines),Regalis,France,,,,,"Regalis Small Sardines in Olive Oil, 4oz",4oz,118,14.99,12.67,Out of Stock,,,850052832308,75073,https://delaurenti.com/regalis-small-sardines-in-olive-oil-4oz-850052832308-75073/,https://cdn.powered-by-nitrosell.com/product_images/26/6472/thumb-Regalis%20Baby%20Sardines.jpg,"Petit Sardines, also known as Sardinillas, are tiny morsels of silver umami. Wild harvested in the Bay of Biscay off the coast of Galicia, each sardine is gently steamed, then deboned by hand and submerged in grassy olive oil. Baby Sardines are unique in that they are extremely mild flavored. This process produces an especially tender texture with zero fishiness. An excellent example of what a high quality tinned fish can be! Eat them on toast, in salads, or as a standalone snack. 16-20 pieces in a can."
Fish,"조개/홍합/굴/가리비 (Clams, Mussels, Oysters & Scallops)",Regalis,France,,,,,"Regalis Smoked Pacific Spiny Oysters in Olive Oil, 4oz",4oz,118,34.99,29.58,In Stock,,,850052832223,75066,https://delaurenti.com/regalis-smoked-pacific-spiny-oysters-in-olive-oil-4oz-850052832223-75066/,https://cdn.powered-by-nitrosell.com/product_images/26/6472/thumb-Regalis%20Smoked%20Oysters.jpg,"Shucked by hand, these wild spiny oysters are sourced from the chilly waters of Galicia. Large in size, spiny oysters are unique in flavor and texture. Extremely plump, each oyster is impeccably sweet with a light lingering brine. Delicately smoked over beech."
Fish,정어리 (Sardines),Regalis,France,,,,,"Regalis Smoked Sardines in Olive Oil with Lemon, 120g",120g,,18.99,,Out of Stock,,,850052832247,77720,https://delaurenti.com/regalis-sardine-w-lemon-120g-8500528322471-77720/,https://cdn.powered-by-nitrosell.com/product_images/26/6472/thumb-Regalis%20Baby%20Sardines%20Lemon.jpg,"Wild harvested in the Bay of Biscay off the coast of Galicia, each sardine is gently steamed, then deboned by hand and submerged in grassy olive oil. This process produces an especially tender texture with zero fishiness. Gently smoked over beech and topped with a sliver of fresh hand-cut lemon for added acidity."
Fish,정어리 (Sardines),Regalis,France,,,,,"Regalis Smoked Sardines in Olive Oil, 4oz",4oz,118,16.99,14.36,Out of Stock,,,850052832254,75068,https://delaurenti.com/regalis-smoked-sardines-in-olive-oil-4oz-850052832254-75068/,https://cdn.powered-by-nitrosell.com/product_images/26/6472/thumb-Regalis%20Smoked%20Sardines.jpg,"These gently smoked wild sardines are harvested in the Bay of Biscay off the coast of Galicia. Each sardine is gently steamed, then deboned by hand. This process produces an especially tender texture with zero fishiness. Galicia’s famed estuaries produce some of the finest seafood in the world. 4-6 pieces to a tin."
Fish,정어리 (Sardines),Jose Gourmet,Portugal,,,,,"Jose Gourment Small Sardines in EVOO, 125g",125g,,11.99,,In Stock,,,5600409200428,55670,https://delaurenti.com/jose-gourment-small-sardines-in-evoo-125g-5600409200428-55670/,https://cdn.powered-by-nitrosell.com/product_images/26/6472/thumb-JoseGourmetSardineSmalllEVOO_02.jpg,"José Gourmet produces some of the best products Portugal has to offer, from olive oil to tinned fish. The quality of what is on the inside of the package is every bit the equal to the beauty of thier packaging. These bitesize sardines in extra virgin olive oil are great as an appetizer with lemon & Italian parsley, on a salad or straight out of the tin!"
Fish,대구/기타 흰살 생선 (Cod & Other Whitefish),Jose Gourmet,Portugal,,,,,"Jose Gourmet Codfish in Olive Oil with Garlic, 120g",120g,,19.99,,In Stock,,,5600409200558,59557,https://delaurenti.com/jose-gourmet-codfish-in-olive-oil-with-garlic-120g-5600409200558-59557/,https://cdn.powered-by-nitrosell.com/product_images/26/6472/thumb-Jose%20Codfish%20in%20EVOO%20with%20Garlic.jpg,"Jose Gourmet makes amazing products - and yes, the incredible artwork on their packaging does make everything taste better.

To talk about cod is to dive in a deeply rooted tradition in Portugal. For a long time, only salted and dried cod deserved full attention. But enthusiasm for canned food started to increase gradually. Caught in the North East Atlantic, the cod they use to prepare their cans is paired with olive oil and garlic, thus preserving the traditional combination of this Portuguese dish."
Fish,대구/기타 흰살 생선 (Cod & Other Whitefish),Jose Gourmet,Portugal,,,,,"Jose Gourmet Codfish with Parsley Pate, 75g",75g,,9.99,,In Stock,,,5600409202286,73121,https://delaurenti.com/jose-gourmet-codfish-with-parsley-pate-75g-5600409202286-73121/,https://cdn.powered-by-nitrosell.com/product_images/26/6472/thumb-Jose%20Codfish%20with%20Parsley%20Pate.jpg,"Jose Gourmet makes amazing products - and yes, the incredible artwork on their packaging does make everything taste better.

Celebrated as flaky, fresh, and mild - codfish makes a luxurious pate. Silky smooth, creamy, and fluffy in texture, the rich umami is balanced perfectly with fresh parsley.

Jose Gourmet has been making tinned fish pate for years, and this latest effort showcases their mastery. To honor and even elevate a renowned fish like baccala is no small feat, but they have done it with grace and taste. A perfect picnic tin waiting for a hearty cracker, some fresh veggies, and smiling friends in the park."
Fish,"문어/오징어/갑오징어 (Octopus, Squid & Cuttlefish)",Jose Gourmet,Portugal,,,,,"Jose Gourmet Cuttlefish in Ink with Shrimp Pate, 75g",75g,,11.99,,In Stock,,,5600409202309,73122,https://delaurenti.com/jose-gourmet-cuttlefish-in-ink-with-shrimp-pate-75g-5600409202309-73122/,https://cdn.powered-by-nitrosell.com/product_images/26/6472/thumb-Jose%20Cuttlefish%20in%20Ink%20with%20Shrimp%20Pate.jpg,"Jose Gourmet makes amazing products - and yes, the incredible artwork on their packaging does make everything taste better.

Their Cuttlefish in Ink with Shrimp Pate is a rich, velvety, and umami-packed Portuguese delicacy. Featuring a deep black color, it blends cuttlefish, shrimp, tomato, garlic, onion, and squid ink for a savory, briny, and distinct sea flavor. It is commonly enjoyed spread on crackers or crusty bread, or used as a gourmet pasta sauce."
Fish,대구/기타 흰살 생선 (Cod & Other Whitefish),Jose Gourmet,Portugal,,,,,"Jose Gourmet Garfish in xtra Virgin Olive Oil, 120g",120g,,9.99,,In Stock,,,5600409202736,72164,https://delaurenti.com/jose-gourmet-garfish-in-xtra-virgin-olive-oil-120g-5600409202736-72164/,https://cdn.powered-by-nitrosell.com/product_images/26/6472/thumb-Jose%20Garfish%20in%20EVOO.jpg,"Jose Gourmet makes amazing products - and yes, the incredible artwork on their packaging does make everything taste better.

Maybe you know sardines, maybe you know sprats, but do you know garfish? You should. Similar but distinctly different. Also called needlefish, garfish are sometimes compared to sardines and anchovies — but they have their own distinct flavor profile. These garfish are great right out of the tin, or enjoyed with your favorite cracker."
Fish,고등어 (Mackerel),Jose Gourmet,Portugal,,,,,"Jose Gourmet Mackerel Fillets in Olive Oil, 125g",125g,,11.99,,In Stock,,,5600409200343,55671,https://delaurenti.com/jose-gourmet-mackerel-fillets-in-olive-oil-125g-5600409200343-55671/,https://cdn.powered-by-nitrosell.com/product_images/26/6472/thumb-JoseGourmetMackerelEVOO_01_1.jpg,"Jose Gourmet makes amazing products - and yes, the incredible artwork on their packaging does make everything taste better. These bluefish fillets in extra virgin olive oil are great as an appetizer with lemon & Italian parsley, on a salad or straight out of the tin!"
Fish,고등어 (Mackerel),Jose Gourmet,Portugal,,,,,"Jose Gourmet Mackerel in Curry, 120g",120g,,16.99,,In Stock,,,5600409203320,73118,https://delaurenti.com/jose-gourmet-mackerel-in-curry-120g-5600409203320-73118/,https://cdn.powered-by-nitrosell.com/product_images/26/6472/thumb-Jose%20Gourmet%20Mackerel%20Curry%201.jpg,"Jose Gourmet makes amazing products - and yes, the incredible artwork on their packaging does make everything taste better. If you thought that tender mackerel fillets from Portugal didn't belong in the same sentence as the word curry, think again! The creamy curry, carefully crafted with a blend of aromatic spices marries perfectly with these fillets. Prior to canning, the mackerel undergoes a meticulous manual and traditional cleaning process, ensuring the removal of bones and achieving perfectly tender fillets. Each fillet is then painstakingly hand-packed one by one, preserving their delicate texture."
Fish,고등어 (Mackerel),Jose Gourmet,Portugal,,,,,"Jose Gourmet Mackerel Pate, 75g",75g,,6.99,,In Stock,,,5600409200923,56226,https://delaurenti.com/jose-gourmet-mackerel-pate-75g-5600409200923-56226/,https://cdn.powered-by-nitrosell.com/product_images/26/6472/thumb-JoseGourmetMackerelPate_04.jpg,"Jose Gourmet makes amazing products - and yes, the incredible artwork on their packaging does make everything taste better. We know you like mackeral. We know you like pâté. But honestly, who wants to make makerel pâté? Thank goodness there is no need. Spread this smooth pâté of bluefish fillets on grilled bread or crackers under a blue sky at your favorite picnic spot!"
Fish,"문어/오징어/갑오징어 (Octopus, Squid & Cuttlefish)",Jose Gourmet,Portugal,,,,,"Jose Gourmet Octopus in Olive Oil w/Garlic, 125g",125g,,25.99,,In Stock,,,5600409200367,55672,https://delaurenti.com/jose-gourmet-octopus-in-olive-oil-w-garlic-125g-5600409200367-55672/,https://cdn.powered-by-nitrosell.com/product_images/26/6472/thumb-JoseGourmet_Octopus_07.jpg,"Jose Gourmet makes amazing products - and yes, the incredible artwork on their packaging does make everything taste better. Why go through the painstaking process of preparing your own octopus when you can just open a can. Sometimes shortcuts are good. These are fantastic eaten straight from the tin or atop salted crackers. Or, sautee with tomatoes and onion for a quick and easy pasta sauce."
Fish,"문어/오징어/갑오징어 (Octopus, Squid & Cuttlefish)",Jose Gourmet,Portugal,,,,,"Jose Gourmet Octopus Pate, 75g",75g,,9.99,,In Stock,,,5600409202866,75571,https://delaurenti.com/jose-gourmet-octopus-pate-75g-5600409202866-75571/,https://cdn.powered-by-nitrosell.com/product_images/26/6472/thumb-Jose%20Octopus%20pate.jpg,"Jose Gourmet makes amazing products - and yes, the incredible artwork on their packaging does make everything taste better. Flavorful and smooth, Jose Gourmet Octopus Pâté is made with premium octopus and seasoned with high-quality vegetables and spices. It is perfect for elevating any dish."
Fish,정어리 (Sardines),Jose Gourmet,Portugal,,,,,"Jose Gourmet Sardine Pate, 75g",75g,,6.99,,In Stock,,,5600409200916,56224,https://delaurenti.com/jose-gourmet-sardine-pate-75g-5600409200916-56224/,https://cdn.powered-by-nitrosell.com/product_images/26/6472/thumb-JoseGourmetSardinePate_02.jpg,"Jose Gourmet makes amazing products - and yes, the incredible artwork on their packaging does make everything taste better. If you love top quality sardines, you will no doubt love top quality sardine pâté. Ingredient are very simple and easy to pronounce - sardine fillets, olive oil, tomato, vinegar & spices. Instructions to enjoying this product are simple too: open the tin & spread on grilled bread or crackers."
Fish,정어리 (Sardines),Jose Gourmet,Portugal,,,,,"Jose Gourmet Sardines in Butter, 90g",90g,,12.99,,Out of Stock,,,5600409203405,75569,https://delaurenti.com/jose-gourmet-sardines-in-butter-90g-5600409203405-75569/,https://cdn.powered-by-nitrosell.com/product_images/26/6472/thumb-Jose%20Sardines%20in%20Butter.jpg,"Jose Gourmet makes amazing products - and yes, the incredible artwork on their packaging does make everything taste better.

Their sardines in butter bring a taste of the Portuguese Island of Azores to life. This modern twist on a classic recipe features tender sardines in a rich butter sauce with a hint of lemon. For the best experience, place the unopened tin in hot water before opening, letting the butter melt and the flavors blend and shine. It's a simple yet delicious way to enjoy a bit of the Azorean tradition. Bread is an essential to go with this to enjoy the delicious melted Portuguese butter."
Fish,정어리 (Sardines),Jose Gourmet,Portugal,,,,,"Jose Gourmet Sardines in Olive Oil with Lemon, 125g",125g,,9.99,,In Stock,,,5600409200329,55666,https://delaurenti.com/jose-gourmet-sardines-in-olive-oil-with-lemon-125g-5600409200329-55666/,https://cdn.powered-by-nitrosell.com/product_images/26/6472/thumb-JoseGourmetSardinesLemon_04.jpg,"José Gourmet produces some of the best products Portugal has to offer, from olive oil to tinned fish. The quality of what is on the inside of the package is every bit the equal to the beauty of thier packaging. These sardines with fresh lemon are great as an appetizer with grilled bread, on a salad or straight out of the tin!"
Fish,정어리 (Sardines),Jose Gourmet,Portugal,,,,,"Jose Gourmet Sardines in Olive Oil, 125g",125g,,10.99,,In Stock,,,5600409200305,55668,https://delaurenti.com/jose-gourmet-sardines-in-olive-oil-125g-5600409200305-55668/,https://cdn.powered-by-nitrosell.com/product_images/26/6472/thumb-JoseGourmet_SardinesOliveOil_02.jpg,"Jose Gourmet makes amazing products - and yes, the incredible artwork on their packaging does make everything taste better. These delicate, Portuguese sardines are packed in extra virgin olive oil and ready to eat straight from the tin or atop grilled bread. Or, lay them flat on a nice white plate, drizzle with your favorite olive oil and a squeeze of fresh lemon and finish with some italian parsley."
Fish,정어리 (Sardines),Jose Gourmet,Portugal,,,,,"Jose Gourmet Sardines in Tomato Sauce, 125g",125g,,10.99,,In Stock,,,5600409200312,60993,https://delaurenti.com/jose-gourmet-sardines-in-tomato-sauce-125g-5600409200312-60993/,https://cdn.powered-by-nitrosell.com/product_images/26/6472/thumb-JoseGourmetTomato_05.jpg,"José Gourmet produces some of the best products Portugal has to offer, from olive oil to tinned fish. The quality of what is on the inside of the package is every bit the equal to the beauty of thier packaging. These sardines with tomato are great as an appetizer with grilled bread, on a salad or straight out of the tin!"
Fish,고등어 (Mackerel),Jose Gourmet,Portugal,,,,,"Jose Gourmet Small Mackerel in Olive Oil, 90g",90g,,11.99,,In Stock,,,5600409200459,56221,https://delaurenti.com/jose-gourmet-small-mackerel-in-olive-oil-90g-5600409200459-56221/,https://cdn.powered-by-nitrosell.com/product_images/26/6472/thumb-JoseGourmetMackerelEVOO_01.jpg,"Jose Gourmet makes amazing products - and yes, the incredible artwork on their packaging does make everything taste better. The quality and abundance of mackerel in Portuguese waters is well known. If you prefer to eat your mackerel in one bite, these are your fish. These snack sized blue fish packed in high quality olive oil are perfect at an appetizer on grilled bread, on a salad, or enjoyed right out of the tin standing up in the kitchen!"
Fish,정어리 (Sardines),Jose Gourmet,Portugal,,,,,"Jose Gourmet Small Sardines in EVOO, 90g",90g,,15.99,,Out of Stock,,,5600409203375,75570,https://delaurenti.com/jose-gourmet-small-sardines-in-evoo-90g-5600409203375-75570/,https://cdn.powered-by-nitrosell.com/product_images/26/6472/thumb-Jose%20small%20Sardines%20in%20EVOO.jpg,"Jose Gourmet makes amazing products - and yes, the incredible artwork on their packaging does make everything taste better."
Fish,정어리 (Sardines),Jose Gourmet,Portugal,,,,,"Jose Gourmet Small Sardines in Ravigote, 90g",90g,,12.99,,In Stock,,,5600409202842,75085,https://delaurenti.com/jose-gourmet-small-sardines-in-ravigote-90g-5600409202842-75085/,https://cdn.powered-by-nitrosell.com/product_images/26/6472/thumb-Jose%20Small%20Sardines%20in%20Ravigote%20Sauce.jpg,"José Gourmet makes amazing products—and yes, the incredible artwork on their packaging does make everything taste better. These delicate Portuguese sardines are packed in Ravigote sauce, a classic French condiment that truly invigorates the palate. The sauce is a zesty blend of Dijon mustard, white wine vinegar, capers, cornichons, and fresh herbs like parsley, tarragon, and chervil. Ready to eat straight from the tin or atop grilled bread, these sardines are a delightful experience. Or, lay them flat on a nice white plate, perhaps with a squeeze of fresh lemon and a sprinkle of finely chopped shallots, and let the vibrant flavors awaken your taste buds."
Fish,정어리 (Sardines),Jose Gourmet,Portugal,,,,,"Jose Gourmet Small Sardines in Tomato Sauce, 90g",90g,,10.99,,In Stock,,,5600409200435,55665,https://delaurenti.com/jose-gourmet-small-sardines-in-tomato-sauce-90g-5600409200435-55665/,https://cdn.powered-by-nitrosell.com/product_images/26/6472/thumb-JoseGourmetSardineSmallTomato_01.jpg,"Jose Gourmet makes amazing products - and yes, the incredible artwork on their packaging does make everything taste better. The quality and abundance of sardines in Portuguese waters is well known. If you prefer to eat your sardines in one bite, these are your fish. These snack sized fish are packed in high quality olive oil & tomato, and are perfect at an appetizer on grilled bread, on a salad, or enjoyed right out of the tin standing up in the kitchen!"
Fish,연어/송어 (Salmon & Trout),Jose Gourmet,Portugal,,,,,"Jose Gourmet Smoked Salmon in EVOO, 90g",90g,,16.99,,In Stock,,,5600409202804,71964,https://delaurenti.com/jose-gourmet-smoked-salmon-in-evoo-90g-5600409202804-71964/,https://cdn.powered-by-nitrosell.com/product_images/26/6472/thumb-Jose%20Smoked%20Salmon%20in%20Extra%20Virgin%20Olive%20Oil.jpg,"Jose Gourmet makes amazing products - and yes, the incredible artwork on their packaging does make everything taste better.

These fresh fillets of Norwegian salmon are smoked by the illustrious smoke master, Stefan Palsson. Never frozen, the fish maintains its rich and supple quality and packs a mighty nutritional punch. At the JOSE Gourmet cannery, the fish is coupled with fragrant Portuguese extra virgin olive oil, making this smoked salmon unlike any you've touched or tasted before."
Fish,정어리 (Sardines),Jose Gourmet,Portugal,,,,,"Jose Gourmet Smoked Sardines in Olive Oil, 90g",90g,,10.99,,In Stock,,,5600409200442,55669,https://delaurenti.com/jose-gourmet-smoked-sardines-in-olive-oil-90g-5600409200442-55669/,https://cdn.powered-by-nitrosell.com/product_images/26/6472/thumb-JoseGourmet_SmokedSardines_01.jpg,"Jose Gourmet makes amazing products - and yes, the incredible artwork on their packaging does make everything taste better. These delicate, lightly smoked Portuguese sardines are packed in extra virgin olive oil and ready to eat straight from the tin or atop crispbreads. Or, lay them flat on a nice white plate, drizzle with olive oil and a squeeze of fresh lemon and finish with some italian parsley."
Fish,"문어/오징어/갑오징어 (Octopus, Squid & Cuttlefish)",Jose Gourmet,Portugal,,,,,"Jose Gourmet Spiced Octopus in Olive Oil, 75g",75g,,24.99,,In Stock,,,5600409200596,60994,https://delaurenti.com/jose-gourmet-spiced-octopus-in-olive-oil-75g-5600409200596-60994/,https://cdn.powered-by-nitrosell.com/product_images/26/6472/thumb-Jose%20Spiced%20Octopus%20in%20Olive%20Oil.jpg,"Jose Gourmet makes amazing products - and yes, the incredible artwork on their packaging does make everything taste better.

This is their Spiced Octopus in Olive oil with Piri Piri."
Fish,정어리 (Sardines),Jose Gourmet,Portugal,,,,,"Jose Gourmet Spiced Sardine Pate, 75g",75g,,6.99,,In Stock,,,5600409200954,56225,https://delaurenti.com/jose-gourmet-spiced-sardine-pate-75g-5600409200954-56225/,https://cdn.powered-by-nitrosell.com/product_images/26/6472/thumb-JoseGourmetSardinelPateSpice_01.jpg,"Jose Gourmet makes amazing products - and yes, the incredible artwork on their packaging does make everything taste better. If you love top quality sardines, you will no doubt love top quality spiced sardine pâté. Ingredient are very simple and easy to pronounce - sardine fillets, olive oil, tomato, vinegar & piri piri pepper. Instructions to enjoying this product are simple too: open the tin & spread on grilled bread or crackers."
Fish,정어리 (Sardines),Jose Gourmet,Portugal,,,,,"Jose Gourmet Spiced Small Sardines, 90g",90g,,11.99,,In Stock,,,5600409200336,72093,https://delaurenti.com/jose-gourmet-spiced-small-sardines-90g-5600409200336-72093/,https://cdn.powered-by-nitrosell.com/product_images/26/6472/thumb-Jose%20Spiced%20Small%20Sardines.jpg,"Jose Gourmet makes amazing products - and yes, the incredible artwork on their packaging does make everything taste better. These small spiced sardines are mixed with pickles, cloves, carrots and pepper, and seasoned with piri-piri and laurel."
Fish,참치 (Tuna),Jose Gourmet,Portugal,,,,,"Jose Gourmet Spiced Tuna Pate, 75g",75g,,7.99,,In Stock,,,5600409200978,56223,https://delaurenti.com/jose-gourmet-spiced-tuna-pate-75g-5600409200978-56223/,https://cdn.powered-by-nitrosell.com/product_images/26/6472/thumb-JoseGourmetTunaPate_02.jpg,"Jose Gourmet makes amazing products - and yes, the incredible artwork on their packaging does make everything taste better. Everyone loves quality tuna, but let's be honest, who thinks to make tuna pâté? We know you'd love to enjoy some if it was made for you, but it's hard to find a person to do that. Problem solved. Spread this spiced tuna pâté on a crusty baguette or cracker and enjoy!"
Fish,소스/양념 (Fish Sauces & Seasonings),Jose Gourmet,Portugal,,,,,"Jose Gourmet Stickleback in Pickled Sauce, 125g",125g,,11.99,,In Stock,,,5600409200350,57979,https://delaurenti.com/jose-gourmet-stickleback-in-pickled-sauce-125g-5600409200350-57979/,https://cdn.powered-by-nitrosell.com/product_images/26/6472/thumb-JoseGourmetStickleback_01.jpg,"Jose Gourmet makes amazing products - and yes, the incredible artwork on their packaging does make everything taste better. Did you wake up this morning with a craving for stickleback? Of course you did. This small schooling fish is akin to a sardine, but with a milder flavor. Add some pickled sauce and you have what we like to call gateway tinned fish. Use them just like you would your favorite tin of sardines - on grilled bread or crackers, a salad, or straight from the can!"
Fish,"문어/오징어/갑오징어 (Octopus, Squid & Cuttlefish)",Jose Gourmet,Portugal,,,,,"Jose Gourmet Stuffed Squid in Ink, 110g",110g,,19.99,,In Stock,,,5600409202651,69847,https://delaurenti.com/jose-gourmet-stuffed-squid-in-ink-110g-5600409202651-69847/,https://cdn.powered-by-nitrosell.com/product_images/26/6472/thumb-Jose%20Stuffed%20Squid%20in%20Ink.jpg,"Jose Gourmet makes amazing products - and yes, the incredible artwork on their packaging does make everything taste better.

José Gourmet's Stuffed Squids in Ink feature tender Atlantic squid filled with a savory mixture of tomato, onion, and their own tentacles, all enveloped in a rich, briny squid ink sauce. This Portuguese delicacy offers an earthy, oceanic flavor profile with a buttery texture that melts in your mouth. Enjoy it straight from the tin, warmed over rice or pasta, or with crusty bread to soak up the flavorful sauce."
Fish,연어/송어 (Salmon & Trout),Jose Gourmet,Portugal,,,,,"Jose Gourmet Trout Pate with Port, 75g",75g,,9.99,,In Stock,,,5600409200947,56228,https://delaurenti.com/jose-gourmet-trout-pate-with-port-75g-5600409200947-56228/,https://cdn.powered-by-nitrosell.com/product_images/26/6472/thumb-JoseGourmetTroutPatePort_05.jpg,"Jose Gourmet makes amazing products - and yes, the incredible artwork on their packaging does make everything taste better. This is the crown jewel pâté. Made with mild trout fillets cooked with olive oil, tomato, vinegar, and Port Wine - blended into a smooth pâté. All you have to do is open the tin and spread in on a piece of grilled bread."
Fish,참치 (Tuna),Jose Gourmet,Portugal,,,,,"Jose Gourmet Tuna Fillets in Olive Oil, 125g",125g,,17.99,,In Stock,,,5600409200404,62253,https://delaurenti.com/jose-gourmet-tuna-fillets-in-olive-oil-125g-5600409200404-62253/,https://cdn.powered-by-nitrosell.com/product_images/26/6472/thumb-JoseGourmetTunaEVOO_02.jpg,"Jose Gourmet makes amazing products - and yes, the incredible artwork on their packaging does make everything taste better. This tuna is not the chicken of the sea, it's the high quality tuna of the sea from the coastal waters of Portugal, packed by hand in highquality olive oil. Perfect on your Niçoise salad, or tossed in a pasta with capers, olives & tomato."
Fish,참치 (Tuna),Jose Gourmet,Portugal,,,,,"Jose Gourmet Tuna Pate, 75g",75g,,6.99,,In Stock,,,5600409200909,56222,https://delaurenti.com/jose-gourmet-tuna-pate-75g-5600409200909-56222/,https://cdn.powered-by-nitrosell.com/product_images/26/6472/thumb-JoseGourmetTunaPate_02.jpg,"Jose Gourmet makes amazing products - and yes, the incredible artwork on their packaging does make everything taste better. Everyone loves quality tuna, but let's be honest, who thinks to make tuna pâté? We know you'd love to enjoy some if it was made for you, but it's hard to find a person to do that. Problem solved. Spread this smooth & creamy tuna pâté on a crusty baguette or cracker and enjoy!"
Fish,참치 (Tuna),Jose Gourmet,Portugal,,,,,"Jose Gourmet Ventresca Tuna in Olive Oil, 120g",120g,,25.99,,In Stock,,,5600409200411,60531,https://delaurenti.com/jose-gourmet-ventresca-tuna-in-olive-oil-120g-5600409200411-60531/,https://cdn.powered-by-nitrosell.com/product_images/26/6472/thumb-JoseGourmetVentresca_01.jpg,"Jose Gourmet makes amazing products - and yes, the incredible artwork on their packaging does make everything taste better. This is not ordinary tuna. Yes, it's in a can but that doesn't matter. Ventresca comes from the belly of the fish - the choicest cut that is highest in fat & flavor. You will notice the difference right away. Impossibly tender and packed with flavor. Keep the mayo away from this fish. Enjoy it simply as an appetizer, on a salad, or right out of the tin with a fork!"
Fish,"문어/오징어/갑오징어 (Octopus, Squid & Cuttlefish)",Jose Gourmet,Portugal,,,,,"Jose Gourmet Spiced Calamari in Ragout Sauce, 125g",125g,,16.99,,In Stock,,,5600409200374,55673,https://delaurenti.com/jose-gourmetspiced-calamari-in-ragout-sauce-125g-5600409200374-55673/,https://cdn.powered-by-nitrosell.com/product_images/26/6472/thumb-Jose%20Calamari%20Updated.jpg,"Jose Gourmet makes amazing products - and yes, the incredible artwork on their packaging does make everything taste better. Why go through the painstaking process of cleaning and preparing your own calamari when you can just open a can. Sometimes shortcuts are good. These are fantastic eaten straight from the tin or atop salted crackers. Or, sautee with tomatoes and onion for a quick and easy pasta sauce."
Fish,고등어 (Mackerel),Jose Gourmet,Portugal,,,,,"Jose Spiced Mackerel Pate, 75g",75g,,7.99,,Out of Stock,,,5600409200961,56227,https://delaurenti.com/jose-spiced-mackerel-pate-75g-5600409200961-56227/,https://cdn.powered-by-nitrosell.com/product_images/26/6472/thumb-JoseGourmetMackerelPate_04.jpg,"Jose Gourmet makes amazing products - and yes, the incredible artwork on their packaging does make everything taste better. We know you like mackerel. We know you like pâté. But honestly, who wants to make makerel pâté? Thank goodness there is no need. Spread this smooth pâté of bluefish fillets, olive oil, tomato, vinegar & piri piri peppers on grilled bread or crackers under a blue sky at your favorite picnic spot!"
Fish,대구/기타 흰살 생선 (Cod & Other Whitefish),,Alaska,,,,,"Wildfish Cannery Garlic and Sumac Rockfish, 4oz",4oz,118,13.99,11.83,Out of Stock,,,860012458509,75779,https://delaurenti.com/wildfish-cannery-garlic-and-sumac-rockfish-4oz-860012458509-75779/,https://cdn.powered-by-nitrosell.com/product_images/26/6472/thumb-Wildfish%20Cannery%20Rockfish%20Garlic%20sumac.jpg,"Founded in 1987 by Phyllis Mueller, Wildfish is a community-oriented salmon cannery on Prince of Wales Island. Today, her grandson, Chef Mathew Scaletta, blends his fine-dining background with the family's heritage and craft.

The fish itself mild and flakey. The sumac adds a nice bright lift to the flavor. The tins are topped off in top quality Spanish extra virgin olive oil. A 50/50 Picual and Arbequina blend."
Fish,대구/기타 흰살 생선 (Cod & Other Whitefish),,Alaska,,,,,"Wildfish Cannery Pacific Peperonata Cod, 4oz",4oz,118,13.99,11.83,In Stock,,,860010977934,75778,https://delaurenti.com/wildfish-cannery-pacific-peperonata-cod-4oz-860010977934-75778/,https://cdn.powered-by-nitrosell.com/product_images/26/6472/thumb-Wildfish%20Cannery%20Peperonata%20Cod.jpg,"Founded in 1987 by Phyllis Mueller, Wildfish is a community-oriented salmon cannery on Prince of Wales Island. Today, her grandson, Chef Mathew Scaletta, blends his fine-dining background with the family's heritage and craft.

Delicate Pacific Cod cooked to perfection with a rich, aromatic sauce composed of roasted red peppers, tomato, onions, garlic, extra virgin olive oil, and anchovies. Yep, they put tinned fish in your tinned fish."
Fish,대구/기타 흰살 생선 (Cod & Other Whitefish),,Alaska,,,,,"Wildfish Cannery Smoked Herring, 4oz",4oz,118,9.99,8.45,Out of Stock,,,860010977958,75777,https://delaurenti.com/wildfish-cannery-smoked-herring-4oz-860010977958-75777/,https://cdn.powered-by-nitrosell.com/product_images/26/6472/thumb-Wildfish%20Cannery%20Smoked%20Herring.jpg,"Founded in 1987 by Phyllis Mueller, Wildfish is a community-oriented salmon cannery on Prince of Wales Island. Today, her grandson, Chef Mathew Scaletta, blends his fine-dining background with the family's heritage and craft.

While early American food culture once celebrated the herring, with dishes like the Skully Jo Fish Bake originating from seafood ports such as Gloucester, they recommend any throwback recipes drawing flavor inspiration from other herring-worshipping countries.

In the UK, smoked herring (or kippers) are often enjoyed for breakfast. As is the custom in northern Europe, smoked herring is delicious when paired with potatoes or with a nice lager or pale ale at the start of the day, à la Ernest Hemingway."
Fish,대구/기타 흰살 생선 (Cod & Other Whitefish),,Alaska,,,,,"Wildfish Cannery Toasted Garlic Wild Lingcod, 4oz",4oz,118,16.99,14.36,Out of Stock,,,860010977965,75780,https://delaurenti.com/wildfish-cannery-toasted-garlic-wild-lingcod-4oz-860010977965-75780/,https://cdn.powered-by-nitrosell.com/product_images/26/6472/thumb-Wildfish%20Cannery%20Toasted%20Garlic%20wild%20Lingcod.jpg,"Founded in 1987 by Phyllis Mueller, Wildfish is a community-oriented salmon cannery on Prince of Wales Island. Today, her grandson, Chef Mathew Scaletta, blends his fine-dining background with the family's heritage and craft.

This one is for the tinned fish die-hards.

They left the skin on the fillet to preserve the nice layer of gelatinous fat sandwiched between the skin and the meat. The can is topped off with a premium Spanish olive oil and a whole toasted garlic clove.

What's a lingcod? Think of it like a much uglier halibut. The meat is delicate and flakes nicely."
Fish,정어리 (Sardines),La Brujula,Spain,,,,,"La Brujula Sardines in Sauce, 4.6oz",4.6oz,136,19.99,14.69,Out of Stock,,,8426441161278,61850,https://delaurenti.com/la-brujula-sardines-in-sauce-46oz-8426441161278-61850/,https://cdn.powered-by-nitrosell.com/product_images/26/6472/thumb-La%20Brujula%20Sardines%20in%20Sauce.jpg,"These sardines are fished off the coast of Galicia, Spain between June and October. After being carefully selected, they are meticulously hand-filleted, battered in flour and fried in olive oil before being freshly packed with a delicious sauce made of tomatoes, onions and red peppers, seasoned with a secret blend of spices and a subtle touch of wine. Perfect on toast, salads or straight from the tin!"
Fish,참치 (Tuna),Ortiz,Spain,,,,,"Ortiz White Tuna in Olive Oil, 92g",92g,,9.99,,In Stock,,,8411320234310,57863,https://delaurenti.com/ortiz-white-tuna-in-olive-oil-92g-8411320234310-57863/,https://cdn.powered-by-nitrosell.com/product_images/26/6472/thumb-Ortiz%20White%20Tuna%20in%20EVOO.jpg,"Their White Tuna – Bonito del Norte – is individually line-caught during the summer fishing season, either with live bait or baitcasting. This age-old technique of selective fishing respects the environment and the seabed. They process their White Tuna in a totally traditional way in search of an exceptional result in terms of delicate texture and exquisite flavor."
Fish,"조개/홍합/굴/가리비 (Clams, Mussels, Oysters & Scallops)",Patagonia Provisions,Spain,,,,,"Patagonia Lemon Herb Mussels in Olive Oil & Broth, 120g",120g,,9.99,,In Stock,,,810981021150,60732,https://delaurenti.com/patagonia-lemon-herb-mussels-in-olive-oil-broth-120g-810981021150-60732/,https://cdn.powered-by-nitrosell.com/product_images/26/6472/thumb-Patagonia%20Lemon%20Herb%20Mussels.jpg,"It's true, Patagonia makes great gear for all of your outdoor activities. They also make great tinned mussels that can be enjoyed inside or outside. Their Lemon Herb mussels are lightly seasoned with parsley, thyme, onion and black pepper, then finished with organic olive oil, lemon juice and mussel broth. Enjoy them as an appetizer, or toss them with some pasta for a quick dinner!"
Fish,앤초비 (Anchovies),Patagonia Provisions,Spain,,,,,"Patagonia Lemon Olive White Anchovies, 120g",120g,,9.99,,In Stock,,,810981021891,68891,https://delaurenti.com/patagonia-lemon-olive-white-anchovies-120g-810981021891-68891/,https://cdn.powered-by-nitrosell.com/product_images/26/6472/thumb-Patagonia%20Lemon%20Olive%20White%20Anchovies.jpg,"It's true, Patagonia makes great gear for all of your outdoor activities. Their canned Spanish White Anchovies are prized for their mild flavor and delicate texture, and are hand-packed in extra-virgin olive oil. These anchovies come from thriving, well-managed populations in Spain’s Bay of Biscay and are caught using small-scale purse seines to reduce bycatch. Patagonia partners with fishermen who belong to centuries-old cofradias, or guilds, which share profits. The anchovies are processed, seasoned and canned by a family-owned certified B Corp, also in northern Spain, that employs mostly women. Feel good Anchovies!"
Fish,앤초비 (Anchovies),Patagonia Provisions,Spain,,,,,"Patagonia Roasted garlic White Anchovies, 120g",120g,,9.99,,In Stock,,,810981021907,68892,https://delaurenti.com/patagonia-roasted-garlic-white-anchovies-120g-810981021907-68892/,https://cdn.powered-by-nitrosell.com/product_images/26/6472/thumb-Patagonia%20Roasted%20Garlic%20White%20Anchovies.jpg,"It's true, Patagonia makes great gear for all of your outdoor activities. Their canned Spanish White Anchovies are prized for their mild flavor and delicate texture, and are hand-packed in extra-virgin olive oil. These anchovies come from thriving, well-managed populations in Spain’s Bay of Biscay and are caught using small-scale purse seines to reduce bycatch. Patagonia partners with fishermen who belong to centuries-old cofradias, or guilds, which share profits. The anchovies are processed, seasoned and canned by a family-owned certified B Corp, also in northern Spain, that employs mostly women. Feel good Anchovies!"
Fish,"조개/홍합/굴/가리비 (Clams, Mussels, Oysters & Scallops)",Patagonia Provisions,Spain,,,,,"Patagonia Smoked Mussels in Olive Oil & Broth, 120g",120g,,8.99,,In Stock,,,810981021136,60730,https://delaurenti.com/patagonia-smoked-mussels-in-olive-oil-broth-120g-810981021136-60730/,https://cdn.powered-by-nitrosell.com/product_images/26/6472/thumb-Patagonia%20Smoked%20Mussels.jpg,"It's true, Patagonia makes great gear for all of your outdoor activities. They also make great tinned mussels that can be enjoyed inside or outside. These Smoked Mussels are slow-smoked with Spanish bay wood and packed in organic olive oil and mussel broth. Enjoy them as an appetizer, or toss them with some pasta for a quick dinner!"
Fish,"조개/홍합/굴/가리비 (Clams, Mussels, Oysters & Scallops)",Patagonia Provisions,Spain,,,,,"Patagonia Spicy Mussels in Olive Oil, 120g",120g,,9.99,,In Stock,,,810981022119,73827,https://delaurenti.com/patagonia-spicy-mussels-in-olive-oil-120g-810981022119-73827/,https://cdn.powered-by-nitrosell.com/product_images/26/6472/thumb-Patagonia%20Spicy%20Mussels.jpg,"It's true, Patagonia makes great gear for all of your outdoor activities. They also make great tinned mussels that can be enjoyed inside or outside.

Great as a trail snack or with pasta or salad for a quick dinner, these Patagonia Provisions mussels are a tasty source of protein. Plus, growing mussels improves water quality and aquatic ecosystems."
Fish,참치 (Tuna),As do Mar,Portugal,,,,,"As do Mar Tuna in Olive Oil, 200g",200g,,15.99,,In Stock,,,8003294540216,28702,https://delaurenti.com/as-do-mar-tuna-in-olive-oil-200g-8003294540216-28702/,https://cdn.powered-by-nitrosell.com/product_images/26/6472/thumb-AsdoMarTuna_7OZ_06.jpg,"As do Mar tuna is line caught and packed in quality olive oil. This method minimizes bycatch and environmental damage and preserves the quality of the fish. There are so many ways to enjoy this tuna - it is delicious right out of the can, or as a part of an antipasti platter with pickled peppers and capers. Perfect for your Nicoise Salad, it is also excellent in pasta and bean dishes, or on sandwiches and pizza."
Fish,참치 (Tuna),As do Mar,Italy,,,,,"As do Mar Tuna in Olive Oil, 2pc - 100gr",2pc,,16.99,,In Stock,,,8003294540117,29142,https://delaurenti.com/as-do-mar-tuna-in-olive-oil-2pc-100gr-8003294540117-29142/,https://cdn.powered-by-nitrosell.com/product_images/26/6472/thumb-AsdoMarTuna_3.5OZ_0309.jpg,"As do Mar tuna has been a DeLaurenti customer favorite for many years. The attractive red can with a flattering image of the great Poseidon is unmistakable in our fish aisle. This whole yellowfin tuna steak is hand-packed in olive oil, making it is as good straight from the can as it is with antipasti and any of your recipes. Use it in your next Nicoise Salad, on sandwiches, or in a simple pasta with garlic, lemon and Italian parsley."
Fish,대구/기타 흰살 생선 (Cod & Other Whitefish),Ati Manel,Portugal,,,,,"Ati Manel Garfish in Spiced Olive Oil, 120g",120g,,8.99,,In Stock,,,5600409202521,71481,https://delaurenti.com/ati-manel-garfish-in-spiced-olive-oil-120g-5600409202521-71481/,https://cdn.powered-by-nitrosell.com/product_images/26/6472/thumb-Ati%20Manel%20Garfish%20in%20pice%20Olive%20Oil.jpg,"Ati Manel, originally formed in 1922 by its namesake, exemplified the Portuguese tradition of freshly canned seafood through the late 1950s. When Luís Mendonça, already a successful artist, discovered his great-grandfather’s weathered canning relics more than 60 years after the business passed with Manel into family lore, he was inspired to resurrect the legacy. While researching notes from fishermen and international purveyors, it became clear that close, personal relationships were just as important to Manel as sourcing high quality, local, and raw materials in his tins. Luís has re-captured uniquely distinct flavors and feelings that have set the table again, inviting us all to join the Manel family’s tradition in a tin.

Also known as needlefish, these are similar to sardines and anchovies in many respects but have their own distinct flavor profile and mouthfeel. The best way to understand the difference is to do a tasting, side by side with another species. Or better yet, pick a sardine, a sprat, an anchovy prepared like a sardine, and a garfish. This tin of Ati Manel Garfish are more spicy (plus chilli pepper) than spiced (there’s no clove, bay, or pickled vegetables)."
Fish,정어리 (Sardines),Ati Manel,Portugal,,,,,"Ati Manel Sardines in Olive Oil with Lemon, 120g",120g,,8.99,,In Stock,,,5600409202422,71483,https://delaurenti.com/ati-manel-sardines-in-olive-oil-with-lemon-120g-5600409202422-71483/,https://cdn.powered-by-nitrosell.com/product_images/26/6472/thumb-Ati%20Manel%20Sardines%20in%20Olive%20Oil%20with%20Lemon.jpg,"Ati Manel, originally formed in 1922 by its namesake, exemplified the Portuguese tradition of freshly canned seafood through the late 1950s. When Luís Mendonça, already a successful artist, discovered his great-grandfather’s weathered canning relics more than 60 years after the business passed with Manel into family lore, he was inspired to resurrect the legacy. While researching notes from fishermen and international purveyors, it became clear that close, personal relationships were just as important to Manel as sourcing high quality, local, and raw materials in his tins. Luís has re-captured uniquely distinct flavors and feelings that have set the table again, inviting us all to join the Manel family’s tradition in a tin."
Fish,정어리 (Sardines),Ati Manel,Portugal,,,,,"Ati Manel Sardines in Tomato Sauce, 120g",120g,,9.99,,Out of Stock,,,5600409202415,71484,https://delaurenti.com/ati-manel-sardines-in-tomato-sauce-120g-5600409202415-71484/,https://cdn.powered-by-nitrosell.com/product_images/26/6472/thumb-Ati%20Manel%20Sardines%20in%20Tomato%20sauce.jpg,"Ati Manel, originally formed in 1922 by its namesake, exemplified the Portuguese tradition of freshly canned seafood through the late 1950s. When Luís Mendonça, already a successful artist, discovered his great-grandfather’s weathered canning relics more than 60 years after the business passed with Manel into family lore, he was inspired to resurrect the legacy. While researching notes from fishermen and international purveyors, it became clear that close, personal relationships were just as important to Manel as sourcing high quality, local, and raw materials in his tins. Luís has re-captured uniquely distinct flavors and feelings that have set the table again, inviting us all to join the Manel family’s tradition in a tin."
Fish,"조개/홍합/굴/가리비 (Clams, Mussels, Oysters & Scallops)",Ati Manel,Portugal,,,,,"Ati Manel Small Scallops in Cadeirada Sauce, 120g",120g,,12.99,,Out of Stock,,,5600409202507,71485,https://delaurenti.com/ati-manel-small-scallops-in-cadeirada-sauce-120g-5600409202507-71485/,https://cdn.powered-by-nitrosell.com/product_images/26/6472/thumb-Ati%20Manel%20Scallops%20in%20Caldeirada%20Sauce.jpg,"Ati Manel, originally formed in 1922 by its namesake, exemplified the Portuguese tradition of freshly canned seafood through the late 1950s. When Luís Mendonça, already a successful artist, discovered his great-grandfather’s weathered canning relics more than 60 years after the business passed with Manel into family lore, he was inspired to resurrect the legacy. While researching notes from fishermen and international purveyors, it became clear that close, personal relationships were just as important to Manel as sourcing high quality, local, and raw materials in his tins. Luís has re-captured uniquely distinct flavors and feelings that have set the table again, inviting us all to join the Manel family’s tradition in a tin.

hese Ati Manel tinned scallops are great straight from the tin, or incorporated into a bowl of warm rice. “Caldeirada,” the name of the sauce, recalls a seafood and potato stew popular in Spain and Portugal, which means these canned scallops should be delicious in a well of whipped potatoes, or atop some roasted red potatoes."
Fish,참치 (Tuna),Ati Manel,Portugal,,,,,"Ati Manel Tuna Fillets in Olive Oil, 120g",120g,,12.99,,In Stock,,,5600409202378,73563,https://delaurenti.com/ati-manel-tuna-fillets-in-olive-oil-120g-5600409202378-73563/,https://cdn.powered-by-nitrosell.com/product_images/26/6472/thumb-Ati%20Manel%20Tuna%20Fillets%20in%20Olive%20Oil.jpg,"Ati Manel, originally formed in 1922 by its namesake, exemplified the Portuguese tradition of freshly canned seafood through the late 1950s. When Luís Mendonça, already a successful artist, discovered his great-grandfather’s weathered canning relics more than 60 years after the business passed with Manel into family lore, he was inspired to resurrect the legacy. While researching notes from fishermen and international purveyors, it became clear that close, personal relationships were just as important to Manel as sourcing high quality, local, and raw materials in his tins. Luís has re-captured uniquely distinct flavors and feelings that have set the table again, inviting us all to join the Manel family’s tradition in a tin.

Lovely and meaty, skipjack tuna is the smallest of the tunas being tinned, and also the most sustainable. Most days, we think it’s also the most delicious. And this tin of Ati Manel Tuna Fillets in Olive Oil reminds us why."
Fish,참치 (Tuna),Ati Manel,Portugal,,,,,"Ati Manel Tuna Fillets in Spiced Olive Oil, 120g",120g,,13.99,,In Stock,,,5600409202385,71486,https://delaurenti.com/ati-manel-tuna-fillets-in-spiced-olive-oil-120g-5600409202385-71486/,https://cdn.powered-by-nitrosell.com/product_images/26/6472/thumb-Ati%20Manel%20Spiced%20Tuna%20Fillets%20in%20Olive%20Oil.jpg,"Ati Manel, originally formed in 1922 by its namesake, exemplified the Portuguese tradition of freshly canned seafood through the late 1950s. When Luís Mendonça, already a successful artist, discovered his great-grandfather’s weathered canning relics more than 60 years after the business passed with Manel into family lore, he was inspired to resurrect the legacy. While researching notes from fishermen and international purveyors, it became clear that close, personal relationships were just as important to Manel as sourcing high quality, local, and raw materials in his tins. Luís has re-captured uniquely distinct flavors and feelings that have set the table again, inviting us all to join the Manel family’s tradition in a tin.

Further blurring the distinction between spiced and spicy, these Ati Manel spiced tuna fillets are prepared like Portuguese spiced sardines: with clove, bay, carrot, cucumber, and piri-piri pepper."
Fish,"문어/오징어/갑오징어 (Octopus, Squid & Cuttlefish)",Ar De Arte,Spain,,,,,"Ar De Arte A Feira Octopus Pate, 90g",90g,,15.99,,In Stock,,,8436613200193,72097,https://delaurenti.com/ar-de-arte-a-feira-octopus-pate-90g-8436613200193-72097/,https://cdn.powered-by-nitrosell.com/product_images/26/6472/thumb-Ar%20De%20Arte%20Fair%20Octopus%20Pate.jpg,"Ar de Arte is a brand that prides itself on offering high-quality and carefully selected shellfish and fish. They use traditional hand-canning methods to ensure a unique gastronomic experience, and work with Galician artists to create exclusive designs that reflect their commitment to emotion, quality, and authenticity.

One of the most classic recipes in Galicia is ""pulpo á feira,"" a delicious medley of sliced and grilled octopus, salt, olive oil and paprika. The one of a kind pate is created using that traditional recipe. All of the key ingredients are cooked down slowly and blended to create this wonderfully authentic pate from Galicia. Truly a special gastronomic experience.

Spread it on toast, picos or dip fried potatoes in it! An amazing dip to lay out for a seafood spread.

Featuring artwork by Galician artist Fernando Rei Castiñeira."
Fish,"조개/홍합/굴/가리비 (Clams, Mussels, Oysters & Scallops)",Ar De Arte,Spain,,,,,"Ar De Arte Mussels Pate, 90g",90g,,13.99,,In Stock,,,8411157810015,72096,https://delaurenti.com/ar-de-arte-mussels-pate-90g-8411157810015-72096/,https://cdn.powered-by-nitrosell.com/product_images/26/6472/thumb-Ar%20De%20Arte%20Mussels%20Pate.jpg,"Ar de Arte is a brand that prides itself on offering high-quality and carefully selected shellfish and fish. They use traditional hand-canning methods to ensure a unique gastronomic experience, and work with Galician artists to create exclusive designs that reflect their commitment to emotion, quality, and authenticity.

This all natural mussel pate is made without any additives and uses exclusively mussels fished from Galica. The mussels are cooked down in a homemade sauce to preserve their natural flavor before being blended and placed within a tin.

We love to spread this pate on toast, picos or sandwiches.

Featuring artwork by Galician artist Fernando Rei Castiñeira."
Fish,"문어/오징어/갑오징어 (Octopus, Squid & Cuttlefish)",Ar De Arte,Spain,,,,,"Ar De Arte Octopus Pate, 90g",90g,,15.99,,Out of Stock,,,8436613200216,72915,https://delaurenti.com/ar-de-arte-octopus-pate-90g-8436613200216-72915/,https://cdn.powered-by-nitrosell.com/product_images/26/6472/thumb-Ar%20De%20Arte%20Octopus%20Pate.jpg,"Ar de Arte is a brand that prides itself on offering high-quality and carefully selected shellfish and fish. They use traditional hand-canning methods to ensure a unique gastronomic experience, and work with Galician artists to create exclusive designs that reflect their commitment to emotion, quality, and authenticity.

This all natural and gourmet pate featuring grilled octopus from Galicia is truly special. Produced with one of the most prized pieces of seafood from the region, this octopus is cooked with a base of tomato, onion and other spices to provide each pate with a delicious burst of flavor. The creaminess and texture of the pate is unparalleled.

Spread it on toast, picos or dip fried potatoes in it. An amazing piece to lay out for a seafood spread.

Featuring artwork by Galician artist Fernando Rei Castiñeira."
Fish,정어리 (Sardines),Ar De Arte,Spain,,,,,"Ar De Arte Small Sardines in Olive Oil, 110g",110g,,18.99,,Out of Stock,,,8436613200131,72094,https://delaurenti.com/ar-de-arte-small-sardines-in-olive-oil-110g-8436613200131-72094/,https://cdn.powered-by-nitrosell.com/product_images/26/6472/thumb-Ar%20De%20Arte%20small%20Sardines%20in%20Olive%20Oil.jpg,"Ar de Arte is a brand that prides itself on offering high-quality and carefully selected shellfish and fish. They use traditional hand-canning methods to ensure a unique gastronomic experience, and work with Galician artists to create exclusive designs that reflect their commitment to emotion, quality, and authenticity.

World class small sardines from the Rías Baixas in Galicia. Each small sardine is cleaned by hand with sea water before lightly roasting them on the grill.

The heads and the tails are removed before each sardine is placed by hand inside of the tin. Delicious premium extra virgin olive oil tops off each tin.

While we love eating these small sardines straight from the tin, you can also garnish them with onions or tomato on toasted bread, or add them to a sandwich with other desired ingredients. Their flavor profile is very versatile---not to mention, small sardines are packed with vitamins and minerals.

There are between 12-16 small sardines per tin."
Fish,대구/기타 흰살 생선 (Cod & Other Whitefish),Ar De Arte,Spain,,,,,"Ar De Arte Wild Codfish in EVOO With Garlic and Black pepper, 110g",110g,,18.99,,In Stock,,,8436613200094,77041,https://delaurenti.com/ar-de-arte-wild-codfish-in-evoo-with-garlic-and-black-pepper-110g-8436613200094-77041/,https://cdn.powered-by-nitrosell.com/product_images/26/6472/thumb-Ar%20De%20Arte%20Wild%20Codfish%20in%20Olive%20oil.jpg,"Ar de Arte is a brand that prides itself on offering high-quality and carefully selected shellfish and fish. They use traditional hand-canning methods to ensure a unique gastronomic experience, and work with Galician artists to create exclusive designs that reflect their commitment to emotion, quality, and authenticity.

This cod is a truly special and unique tinned offering. It's tender, flakey and will melt in your mouth. It's cleaned and packed by hand and preserved in a savory oil with fresh garlic slices and peppercorn, making this conserva a one of a kind gastronomic experience.

You can eat this cod all on its own, or mix it into a pasta, salad or rice. Just don't forget to incorporate the tasty oil as well."
Fish,대구/기타 흰살 생선 (Cod & Other Whitefish),ABC,Portugal,,,,,"ABC Codfish Stew, 85g",85g,,23.99,,In Stock,,,5600409202873,71653,https://delaurenti.com/abc-codfish-caldeirada-5600409202873-71653/,https://cdn.powered-by-nitrosell.com/product_images/26/6472/thumb-ABC%20Codfish%20Bacalhau.jpg,"ABC+ is a premium, experimental tinned fish brand that serves as a specialized, ""experimental"" arm of José Gourmet, the well-known Portuguese company specializing in high-quality canned seafood (conservas). We have serveral unique flavors from this line here at Delaurenti."
Fish,고등어 (Mackerel),ABC,Portugal,,,,,"ABC Horse Mackerel in Brava Sauce, 85g",85g,,19.99,,In Stock,,,5600409202880,71654,https://delaurenti.com/abc-horse-mackerel-in-brava-sauce-85g-5600409202880-71654/,https://cdn.powered-by-nitrosell.com/product_images/26/6472/thumb-ABC%20Carapaus%20Bravos.jpg,"ABC+ is a premium, experimental tinned fish brand that serves as a specialized, ""experimental"" arm of José Gourmet, the well-known Portuguese company specializing in high-quality canned seafood (conservas). We have serveral unique flavors from this line here at Delaurenti."
Fish,고등어 (Mackerel),ABC,Portugal,,,,,"ABC Horse Mackerel Ravigote, 85g",85g,,19.99,,In Stock,,,5600409202897,71655,https://delaurenti.com/abc-horse-mackerel-ravigote-85g-5600409202897-71655/,https://cdn.powered-by-nitrosell.com/product_images/26/6472/thumb-ABC%20Carapaus%20Ravigote.jpg,"ABC+ is a premium, experimental tinned fish brand that serves as a specialized, ""experimental"" arm of José Gourmet, the well-known Portuguese company specializing in high-quality canned seafood (conservas). We have serveral unique flavors from this line here at Delaurenti."
Fish,고등어 (Mackerel),ABC,Portugal,,,,,"ABC Horse Mackerel Virgem, 85g",85g,,19.99,,In Stock,,,5600409202903,71656,https://delaurenti.com/abc-horse-mackerel-virgem-85g-5600409202903-71656/,https://cdn.powered-by-nitrosell.com/product_images/26/6472/thumb-ABC%20Carapaus%20Virgem.jpg,"ABC+ is a premium, experimental tinned fish brand that serves as a specialized, ""experimental"" arm of José Gourmet, the well-known Portuguese company specializing in high-quality canned seafood (conservas). We have serveral unique flavors from this line here at Delaurenti."
Fish,소스/양념 (Fish Sauces & Seasonings),ABC,Portugal,,,,,"ABC John Dory Mint Sauce, 85g",85g,,25.99,,In Stock,,,5600409203115,77036,https://delaurenti.com/abc-john-dory-peixe-galo-hortela-85g-5600409203115-77036/,https://cdn.powered-by-nitrosell.com/product_images/26/6472/thumb-ABC%20Peixe%20Galo%20Hortela.jpg,"ABC+ is a premium, experimental tinned fish brand that serves as a specialized, ""experimental"" arm of José Gourmet, the well-known Portuguese company specializing in high-quality canned seafood (conservas). We have serveral unique flavors from this line here at Delaurenti."
Fish,고등어 (Mackerel),ABC,Portugal,,,,,"ABC Mackerel Fillets in Curry, 85g",85g,,21.99,,Out of Stock,,,5600409203030,71657,https://delaurenti.com/abc-mackerel-fillets-in-curry-85g-5600409203030-71657/,https://cdn.powered-by-nitrosell.com/product_images/26/6472/thumb-ABC%20Cavala%20Caril.jpg,"ABC+ is a premium, experimental tinned fish brand that serves as a specialized, ""experimental"" arm of José Gourmet, the well-known Portuguese company specializing in high-quality canned seafood (conservas). We have serveral unique flavors from this line here at Delaurenti."
Fish,"새우/게/랍스터/성게 (Shrimp, Crab, Lobster & Urchin)",ABC,Portugal,,,,,"ABC Spiced Wild Shrimp in Olive Oil and Garlic, 85g",85g,,42.99,,In Stock,,,5600409203122,77037,https://delaurenti.com/abc-spiced-wild-shrimp-in-olive-oil-and-garlic-85g-5600409203122-77037/,https://cdn.powered-by-nitrosell.com/product_images/26/6472/thumb-ABC%20Camarao%20Selvagem%20Picante.jpg,"ABC+ is a premium, experimental tinned fish brand that serves as a specialized, ""experimental"" arm of José Gourmet, the well-known Portuguese company specializing in high-quality canned seafood (conservas). We have serveral unique flavors from this line here at Delaurenti."
Fish,연어/송어 (Salmon & Trout),ABC,Portugal,,,,,"ABC Trout Fillets in Caper Sauce, 85g",85g,,19.99,,In Stock,,,5600409202934,71660,https://delaurenti.com/abc-trout-fillets-in-caper-sauce-85g-5600409202934-71660/,https://cdn.powered-by-nitrosell.com/product_images/26/6472/thumb-ABC%20Trout%20Truta.jpg,"ABC+ is a premium, experimental tinned fish brand that serves as a specialized, ""experimental"" arm of José Gourmet, the well-known Portuguese company specializing in high-quality canned seafood (conservas). We have serveral unique flavors from this line here at Delaurenti."
Fish,앤초비 (Anchovies),Olasagasti,Spain,,,,,"Olasagasti Anchovies Basque Style Fried with Garlic and Chili, 190g",190g,,14.99,,In Stock,,,8425147990007,65690,https://delaurenti.com/olasagasti-anchovies-basque-style-fried-with-garlic-and-chili-190g-8425147990007-65690/,https://cdn.powered-by-nitrosell.com/product_images/26/6472/thumb-Olasagasti%20Fried%20Anchovies.jpg,"Olasagati is focused on sustainable fishing practices with traditional gear. With an overall respect for the ecosystem of the Cantabrian Sea, they aim to create the best possible “inheritance” for their children and future owners. Olasagasti founder Salvatore Orlando arrived in Spain via Sicily in the late 19th century and was part of a group of Italian pioneers who introduced ancient preserving techniques to the Cantabrian coast. After more than 100 years, and four generations of the family at the helm of the company, Conservas Olasagasti continues to produce the highest quality tinned fish using artisanal, traditional methods."
Fish,참치 (Tuna),Olasagasti,Spain,,,,,"Olasagasti Tuna A La Toscana with White Beans, 190g",190g,,18.99,,In Stock,,,8425147990038,65693,https://delaurenti.com/olasagasti-tuna-a-la-toscana-with-white-beans-190g-8425147990038-65693/,https://cdn.powered-by-nitrosell.com/product_images/26/6472/thumb-Olasagasti%20Atun%20ala%20Toscana.jpg,"Olasagati is focused on sustainable fishing practices with traditional gear. With an overall respect for the ecosystem of the Cantabrian Sea, they aim to create the best possible “inheritance” for their children and future owners. Olasagasti founder Salvatore Orlando arrived in Spain via Sicily in the late 19th century and was part of a group of Italian pioneers who introduced ancient preserving techniques to the Cantabrian coast. After more than 100 years, and four generations of the family at the helm of the company, Conservas Olasagasti continues to produce the highest quality tinned fish using artisanal, traditional methods."
Fish,참치 (Tuna),Olasagasti,Spain,,,,,"Olasagasti Tuna Ratatouille, 190g",190g,,18.99,,In Stock,,,8425147990175,75783,https://delaurenti.com/olasagasti-tuna-ratatouille-190g-8425147990175-75783/,https://cdn.powered-by-nitrosell.com/product_images/26/6472/thumb-Olasagasti%20Atun%20Con%20Pisto%20Medierraneo.jpg,"Olasagati is focused on sustainable fishing practices with traditional gear. With an overall respect for the ecosystem of the Cantabrian Sea, they aim to create the best possible “inheritance” for their children and future owners. Olasagasti founder Salvatore Orlando arrived in Spain via Sicily in the late 19th century and was part of a group of Italian pioneers who introduced ancient preserving techniques to the Cantabrian coast. After more than 100 years, and four generations of the family at the helm of the company, Conservas Olasagasti continues to produce the highest quality tinned fish using artisanal, traditional methods."
Fish,앤초비 (Anchovies),Agostino Recca,Italy,,,,,"Agostino Recca Anchovies in Olive Oil Tin, 50g",50g,,8.99,,In Stock,,,80410003,40359,https://delaurenti.com/agostino-recca-anchovies-in-olive-oil-56g-80410003-40359/,https://cdn.powered-by-nitrosell.com/product_images/26/6472/thumb-Agostino%20Recca%20Anch%20in%20oil%2050g.jpg,"What began in the 1930's as a small family-run business has grown into one of the most recognized and well respected companies specializing in the canning of quality fish in Italy. These anchovies are carefully boned and filleted by hand and preserved in Sicilian olive oil. Use in sauces, on sandwiches, with pasta, or on pizza."
Fish,앤초비 (Anchovies),Agostino Recca,Italy,,,,,"Agostino Recca Anchovies in Olive Oil, 100g",100g,,13.99,,In Stock,,,80410072,26963,https://delaurenti.com/agostino-recca-anchovies-in-olive-oil-100g-80410072-26963/,https://cdn.powered-by-nitrosell.com/product_images/26/6472/thumb-Agostino%20Recca%20Anch%20in%20oil%2090g.jpg,"What began in the 1930's as a small family-run business has grown into one of the most recognized and well respected companies specializing in the canning of quality fish in Italy. These anchovies are carefully boned and filleted by hand, and preserved in Sicilian olive oil. Perfect for sauces, pasta, pizza & antipasti!"
Fish,앤초비 (Anchovies),Agostino Recca,Italy,,,,,"Agostino Recca Anchovies in Olive Oil, 310g",310g,,29.99,,Out of Stock,,,8012464000160,29616,https://delaurenti.com/agostino-recca-anchovies-in-olive-oil-310g-8012464000160-29616/,https://cdn.powered-by-nitrosell.com/product_images/26/6472/thumb-ReccaAnchovyTin_11OZ_02.jpg,"What began in the 1930's as a small family-run business has grown into one of the most recognized and well respected companies specializing in the canning of quality fish in Italy. These anchovies are carefully boned and filleted by hand and preserved in Sicilian olive oil. Use in sauces, on sandwiches, with pasta, or on pizza."
Fish,앤초비 (Anchovies),Agostino Recca,Italy,,,,,"Agostino Recca Anchovies in Salt, 600g",600g,,35.99,,In Stock,,,8012464000085,28703,https://delaurenti.com/agostino-recca-anchovies-in-salt-600g-8012464000085-28703/,https://cdn.powered-by-nitrosell.com/product_images/26/6472/thumb-Agostino%20Recca%20800g%20Anchovies.jpg,"What began in the 1930's as a small family-run business has grown into one of the most recognized and well respected companies specializing in the canning of quality fish in Italy. These anchovies are carefully packed in salt to preserve freshness and flavor. Perfect for sauces, pasta, pizza & antipasti!"
Fish,앤초비 (Anchovies),Agostino Recca,Italy,,,,,"Agostino Recca White Anchovies, 200g",200g,,18.99,,In Stock,,,80410027,32634,https://delaurenti.com/agostino-recca-white-anchovies-200g-80410027-32634/,https://cdn.powered-by-nitrosell.com/product_images/26/6472/thumb-Agostino%20Recca%20Marinated%20Anch%20200g.jpg,"What began in the 1930's as a small family-run business has grown into one of the most recognized and well respected companies specializing in the canning of quality fish in Italy. These white anchovies are marinated in sunflower seed oil, wine vinegar and salt. Super tender with a bright and delicate flavor, they are perfect for serving with antipasti or on salads."
Fish,고등어 (Mackerel),Bokksu,Japan,,,,,"Bokksu Japanese Mackerel, 85g",85g,,15.99,,In Stock,NEW,Saba in Olive Oil,850080329153,78052,https://delaurenti.com/bokksu-japanese-mackerel-85g-850080329153-78052/,https://cdn.powered-by-nitrosell.com/product_images/26/6472/thumb-Bokksu%20Japanese%20Mackerel%20Saba%20in%20evoo.jpg,"Sourced from the coastal waters of Nagasaki and Saga, Japan, this Bokksu Original saba (mackerel) is gently prepared in smooth olive oil to preserve its natural tenderness and full-bodied flavor. A staple in Japanese kitchens, saba is prized for its flaky texture and satisfying richness.

What Makes This Saba Special?

Saba (Japanese mackerel) is known for its hearty flavor and high nutritional value. Unlike milder white fish, it brings a richer bite that stands up well in bold or simple preparations alike. Packed in olive oil, it stays moist and ready to use whenever inspiration strikes."
Fish,정어리 (Sardines),Bokksu,Japan,,,,,"Bokksu Spicy Japanese Sardines, 85g",85g,,15.99,,Out of Stock,NEW,Iwahi In Olive Oil And Togarashi Pepper,850080329184,78050,https://delaurenti.com/bokksu-spicy-japanese-sardines-85g-850080329184-78050/,https://cdn.powered-by-nitrosell.com/product_images/26/6472/thumb-Bokksu%20Spicy%20Japanese%20Sardines%20Iwashi.jpg,"Bold yet balanced, this Bokksu Original iwashi (Japanese sardines) from Miyazaki, Japan is prepared in olive oil and finished with togarashi pepper. The olive oil preserves the fish’s tender texture and clean, savory flavor, while the togarashi adds gentle warmth and layered spice from the first bite.

What Makes This Iwashi Special?

Iwashi are prized in Japanese cooking for their soft flake and approachable flavor. Compared to heavier fish, they offer a lighter texture that absorbs seasoning beautifully. The addition of togarashi, a classic Japanese chili blend, brings mild heat and subtle complexity without overpowering the fish."
Fish,앤초비 (Anchovies),Bokksu,Japan,,,,,"Bokksu Young Japanese Anchovies, Shirasu with Mentaiko, 80g",80g,,15.99,,In Stock,NEW,Shirasu With Mentaiko,850037398010,78051,https://delaurenti.com/bokksu-young-japanese-anchovies-shirasu-with-mentaiko-80g-850037398010-78051/,https://cdn.powered-by-nitrosell.com/product_images/26/6472/thumb-Bokksu%20Young%20Japanese%20Anchovies%20Shirasu.jpg,"Bokksu's tinned fish line primarily focuses on shirasu (tiny young anchovies or whitebait) freshly caught in Japan's Miyazaki Port and packed in premium cottonseed oil. Rather than standard fillets, these are tiny, delicate whole fish that provide a buttery texture and intense umami flavor, making them ideal as a gourmet garnish.

These delicate shirasu (anchovies) are freshly caught from Miyazaki Port and preserved in cottonseed oil blended with savory mentaiko (cod roe)—a prized Japanese delicacy. The result is a briny, buttery-rich seafood flavor that’s as versatile as it is delicious.

Sprinkle them over omelets, rice balls, pasta, or appetizers for a bold seafood twist. The infused oil doubles as a flavor booster for sushi rolls or dipping sauces!"
Fish,앤초비 (Anchovies),Bokksu,Japan,,,,,"Bokksu Young Japanese Anchovies,Shirasu with Pepper 80g",80g,,15.99,,In Stock,NEW,Shirasu With Black pepper & Basil-Infused,850037398003,78053,https://delaurenti.com/bokksu-young-japanese-anchoviesshirasu-with-pepper-80g-850037398003-78053/,https://cdn.powered-by-nitrosell.com/product_images/26/6472/thumb-Bokksu%20Young%20Japanese%20Anchovies%20Shirasu%20basil.jpg,"Bokksu's tinned fish line primarily focuses on shirasu (tiny young anchovies or whitebait) freshly caught in Japan's Miyazaki Port and packed in premium cottonseed oil. Rather than standard fillets, these are tiny, delicate whole fish that provide a buttery texture and intense umami flavor, making them ideal as a gourmet garnish.

Simple, buttery, and rich in umami, these shirasu (anchovies) are caught fresh in Miyazaki Port and preserved in cottonseed oil infused with basil and black pepper for a refined, savory experience.

Versatile and nutrient-packed, they’re perfect for adding depth to pasta sauces, stir-fries, onigiri, white rice, salads, or even as a garnish for pizza. Use the leftover anchovy oil as a delicious base for salad dressings or marinades!"
Fish,"새우/게/랍스터/성게 (Shrimp, Crab, Lobster & Urchin)",Conservas de Cambedos,Spain,,,,,Cambados Sea Urchin Caviar,,,89.99,,In Stock,,,843601520819,69845,https://delaurenti.com/cambados-sea-urchin-caviar-843601520819-69845/,https://cdn.powered-by-nitrosell.com/product_images/26/6472/thumb-Cambados%20Sea%20Urchin.jpg,"The sea urchin coming exclusively from the Galician Rias is an increasingly coveted delicacy. Its laborious production consists of extracting the whole roe (caviar) and cleaning them extremely delicately. It can be enjoyed on its own without any condiments to not alter its exquisite taste, smell, or texture."
Fish,앤초비 (Anchovies),Mazara del Vallo,Italy,,,,,"Colatura Di Gambero Rosso, 200ml",200ml,200,59.99,30.0,In Stock,,,793232542201,77621,https://delaurenti.com/colatura-di-gambero-rosso-200ml-793232542201-77621/,https://cdn.powered-by-nitrosell.com/product_images/26/6472/thumb-Colatura%20Di%20Gambero.jpg,"Colatura di Gambero Rosso from Mazara del Vallo is a unique food product, obtained by extracting the precious juices and eggs contained in the shells and heads of the Mazara red prawn. It is ideal for stirring into first courses, soups, enhancing bruschetta, or gourmet pizzas. Originating from centuries-old maritime tradition, Colatura di Gambero Rosso was used by fishermen to enrich soups and fish-based dishes. Today, this condiment has been reinvented to bring the unique flavor of the Mazara red prawn directly to your kitchen."
Fish,"조개/홍합/굴/가리비 (Clams, Mussels, Oysters & Scallops)",Conservas de Cambedos,Spain,,,,,"Conservas de Cambados Mussels, 111g",111g,,19.99,,In Stock,,,8413610701663,62816,https://delaurenti.com/conservas-de-cambados-mussels-111g-8413610701663-62816/,https://cdn.powered-by-nitrosell.com/product_images/26/6472/thumb-ConservasMussels.jpg,
Fish,"문어/오징어/갑오징어 (Octopus, Squid & Cuttlefish)",Conservas de Cambedos,Spain,,,,,"Conservas de Cambados Octopus in Galacian Sauce, 111g",111g,,14.99,,Out of Stock,,,8436015207158,62818,https://delaurenti.com/conservas-de-cambados-octopus-in-galacian-sauce-111g-8436015207158-62818/,https://cdn.powered-by-nitrosell.com/product_images/26/6472/thumb-ConservasOctopus.jpg,
Fish,"문어/오징어/갑오징어 (Octopus, Squid & Cuttlefish)",Conservas de Cambedos,Spain,,,,,"Conservas de Cambados Octopus in Olive Oil, 111g",111g,,14.99,,Out of Stock,,,8436015207165,62817,https://delaurenti.com/conservas-de-cambados-octopus-in-olive-oil-111g-8436015207165-62817/,https://cdn.powered-by-nitrosell.com/product_images/26/6472/thumb-ConservasOctopusEVOO.jpg,
Fish,"조개/홍합/굴/가리비 (Clams, Mussels, Oysters & Scallops)",Conservas de Cambedos,Spain,,,,,"Conservas de Cambados Scallops, 111g",111g,,11.99,,Out of Stock,,,8436015207653,62820,https://delaurenti.com/conservas-de-cambados-scallops-111g-8436015207653-62820/,https://cdn.powered-by-nitrosell.com/product_images/26/6472/thumb-ConservasSmallScallops.jpg,
Fish,정어리 (Sardines),Conservas de Cambedos,Spain,,,,,"Conservas de Cambados Small Sardines, 111g",111g,,13.99,,Out of Stock,,,8436015209701,62819,https://delaurenti.com/conservas-de-cambados-small-sardines-111g-8413610701373-62819/,https://cdn.powered-by-nitrosell.com/product_images/26/6472/thumb-ConservasSmallSard.jpg,
Fish,"문어/오징어/갑오징어 (Octopus, Squid & Cuttlefish)",Conservas de Cambedos,Spain,,,,,"Conservas de Cambados Sterilized Cuttlefish ink, 90g",90g,,12.99,,In Stock,,,8436015207578,65885,https://delaurenti.com/conservas-de-cambados-sterilized-cuttlefish-ink-90g-8436015207578-65885/,https://cdn.powered-by-nitrosell.com/product_images/26/6472/thumb-Conservas%20Cuttlifish%20Ink.jpg,"Discover the key to crafting exquisite Spanish dishes with Conservas De Cambados Cuttlefish ink. Sourced from the unspoiled Spanish coastline, this luscious ink boasts a deep, robust taste and vibrant hue that is revered in Mediterranean cooking. An essential ingredient in classic paellas, risottos, pastas, and seafood sauces, Cuttlefish Ink adds a dash of versatility and allure to your kitchen repertoire."
Fish,대구/기타 흰살 생선 (Cod & Other Whitefish),Donostia,Spain,,,,,"Donostia Cod Fish in Biscayne Sauce, 111g",111g,,9.99,,In Stock,,,856728008015,68439,https://delaurenti.com/donostia-cod-fish-in-biscayne-sauce-111g-856728008015-68439/,https://cdn.powered-by-nitrosell.com/product_images/26/6472/thumb-Donostia%20Codfish%20in%20Biscayne.jpg,"Cod fish (bacalao) in this style is synonymous with Basque Country. The tinned version is a take on the traditional dish that allows maximum enjoyment of the flavorful offering found at tapas bars across the country in convenient fashion.

The preparation for each tin is simple: the cod is cut, dusted in rice flour and lightly (very lightly, tenderly, gently) fried in olive oil then tinned, with a touch of heat finishing the process."
Fish,기타 해산물 (Other Seafood),Fratelli Polli,Italy,,,,,"Fratelli Polli Italian Antipasto, 7.4oz",7.4oz,219,7.99,3.65,In Stock,,,719334031078,27771,https://delaurenti.com/fratelli-polli-italian-antipasto-74oz-719334031078-27771/,https://cdn.powered-by-nitrosell.com/product_images/26/6472/thumb-PolliAntipasto_01.jpg,"Fratelli Polli is an Italian food company from Milan formed in 1872. They produce a range of preserved vegetables and sauces sold in glass jars. Their Italian Antipasto is a mix of vegetables and tuna in a tomato sauce. It’s excellent served as an appetizer, as a flavorful spread for sandwiches, or add it to a basic marinara sauce and use it as a pasta sauce."
Fish,대구/기타 흰살 생선 (Cod & Other Whitefish),IASA,Italy,,,,,"Iasa Grilled Branzino, 145g",145g,,14.99,,In Stock,,,793232517568,58872,https://delaurenti.com/iasa-grilled-branzino-145g-793232517568-58872/,https://cdn.powered-by-nitrosell.com/product_images/26/6472/thumb-IasaBranzino.jpg,"Branzino can be hard to come by, even if you have a great fish guy. Keep it at the ready safely tucked away in your cupboard until the need arises! This fish is sustainably caught, lightly grilled and hand-packed in olive oil. It's great on grilled bread with a drizzle of good olive oil and a pinch of sea salt, served aloft a pile of fresh greens, or eaten right out of the tin with a fork!"
Fish,앤초비 (Anchovies),IASA,Italy,,,,,"IASA Spicy Anchovies, 200g",200g,,13.99,,Out of Stock,,,793232517513,49297,https://delaurenti.com/iasa-spicy-anchovies-793232517513-49297/,https://cdn.powered-by-nitrosell.com/product_images/26/6472/thumb-Iasa%20Spicy%20Anchovies.jpg,"Ittica Alimentare Salerno (IASA) packs anchovies caught off the Amalfi Coast, doing most of the work by hand in traditional fashion. They layer the anchovies in drums with sea salt before hand-packing the anchovies in jars. Their Spicy Anchovies are marinated in olive oil and smoky chile paste. The sharp brininess of the fish gets a kick from the pepper yet isn’t overwhelmed by the spiciness. They add zip to dishes like

puttanesca sauce or Caesar dressing, but also make a great appetizer on a piece of crusty bread."
Fish,고등어 (Mackerel),Les Mouettes d'Arvor,France,,,,,"Les Mouettes d'Arvor Mackerel Fillets in Escabeche Sauce, 169g",169g,,14.99,,In Stock,,,3365623145000,55944,https://delaurenti.com/les-mouettes-darvor-mackerel-fillets-in-escabeche-sauce-169g-3365623145000-55944/,https://cdn.powered-by-nitrosell.com/product_images/26/6472/thumb-Les%20Mouettes%20Mackerel%20Escabeche%20Sauce.jpg,"Les Mouettes d’Arvor hails from the old port town of Concarneau in Brittany. The third-generation cannery is run by the Gonidec family. All their canned fish are fresh, never frozen, caught in a sustainable fashion, and prepared by traditional methods with natural ingredients. Escabeche Sauce is a sweet and sour tomato sauce seasoned with paprika, vinegar, and wine. The delicate mackerel fillets are excellent straight from the tin, over a salad, or as part of a picnic with bread, cheese, and fruit."
Fish,고등어 (Mackerel),Les Mouettes d'Arvor,France,,,,,"Les Mouettes d'Arvor Mackerel Fillets in Muscadet White Wine with Spices, 176g",176g,,13.99,,In Stock,,,3365623040046,55941,https://delaurenti.com/les-mouettes-darvor-mackerel-fillets-in-muscadet-white-wine-with-spices-176g-3365623040046-55941/,https://cdn.powered-by-nitrosell.com/product_images/26/6472/thumb-Les%20Mouettes%20Mackerel%20Muscadet.jpg,"Les Mouettes d’Arvor hails from the old port town of Concarneau in Brittany. The third-generation cannery is run by the Gonidec family. All their canned fish are fresh, never frozen, caught in a sustainable fashion, and prepared by traditional methods with natural ingredients. Muscadet wine is a bone-dry white wine from the Loire Valley. The mackerel fillets are slow-cooked in the wine, a touch of vinegar, and a mix of mild aromatics: onion, lemon, carrots, cucumbers, and pepper. The delicate mackerel fillets are excellent straight from the tin, over a salad, or as part of a picnic with bread, cheese, fruit, and wine."
Fish,고등어 (Mackerel),Les Mouettes d'Arvor,France,,,,,"Les Mouettes d'Arvor Mackerel Fillets in Mustard Sauce, 169g",169g,,13.99,,In Stock,,,3365623044068,55942,https://delaurenti.com/les-mouettes-darvor-mackerel-fillets-in-mustard-sauce-169g-3365623044068-55942/,https://cdn.powered-by-nitrosell.com/product_images/26/6472/thumb-Les%20Mouettes%20d%27Arvor%20Mackerel%20Mustard.jpg,"Les Mouettes d’Arvor hails from the old port town of Concarneau in Brittany. The third-generation cannery is run by the Gonidec family. All their canned fish are fresh, never frozen, caught in a sustainable fashion, and prepared by traditional methods with natural ingredients. Their Mackerel Fillets in Mustard Sauce consists of tender fillets of fish cooked in a creamy mustard sauce. Enjoy them straight from the tin, over a salad, or as part of a picnic with bread, cheese, fruit, and wine."
Fish,정어리 (Sardines),Les Mouettes d'Arvor,France,,,,,"Les Mouettes d'Arvor Sardines in Extra Virgin Olive Oil and Lemon, 115g",115g,,10.99,,In Stock,,,3365622024061,45255,https://delaurenti.com/les-mouettes-darvor-sardines-in-extra-virgin-olive-oil-and-lemon-115g-3365622024061-45255/,https://cdn.powered-by-nitrosell.com/product_images/26/6472/thumb-Les%20Mouettes%20Sardines%20Lemon.jpg,"Les Mouettes d’Arvor hails from the old port town of Concarneau in Brittany. The third-generation cannery is run by the Gonidec family. All their canned fish are fresh, never frozen, caught in a sustainable fashion, and prepared by traditional methods with natural ingredients. The sardines are packed in extra virgin olive oil, lemon, and salt. The tender fish can be eaten whole. Excellent straight from the tin or on crusty bread or crackers."
Fish,정어리 (Sardines),Les Mouettes d'Arvor,France,,,,,"Les Mouettes d'Arvor Sardines in Extra Virgin Olive Oil and Onion Sauce, 115g",115g,,9.99,,Out of Stock,,,3365622027062,55940,https://delaurenti.com/les-mouettes-darvor-sardines-in-extra-virgin-olive-oil-and-onion-sauce-115g-3365622027062-55940/,https://cdn.powered-by-nitrosell.com/product_images/26/6472/thumb-Les%20Mouettes%20Sardines%20Onion%20Sauce.jpg,"Les Mouettes d’Arvor hails from the old port town of Concarneau in Brittany. The third-generation cannery is run by the Gonidec family. All their canned fish are fresh, never frozen, caught in a sustainable fashion, and prepared by traditional methods with natural ingredients. The sardines are packed in extra virgin olive oil, onion, and salt. The tender fish can be eaten whole. Excellent straight from the tin or on crusty bread or crackers."
Fish,정어리 (Sardines),Les Mouettes d'Arvor,France,,,,,"Les Mouettes d'Arvor Sardines in Extra Virgin Olive Oil, 115g",115g,,11.99,,Out of Stock,,,3365622020063,45253,https://delaurenti.com/les-mouettes-darvor-sardines-in-extra-virgin-olive-oil-115g-3365622020063-45253/,https://cdn.powered-by-nitrosell.com/product_images/26/6472/thumb-Les%20Mouettes%20Sardines%20EVOO.jpg,"Les Mouettes d’Arvor hails from the old port town of Concarneau in Brittany. The third-generation cannery is run by the Gonidec family. All their canned fish are fresh, never frozen, caught in a sustainable fashion, and prepared by traditional methods with natural ingredients. The sardines are packed in extra virgin olive oil and salt. The tender fish can be eaten whole. Excellent straight from the tin or on crusty bread or crackers."
Fish,앤초비 (Anchovies),Nettuno,Italy,,,,,"Nettuno Anchovy Colatura, 100ml",100ml,100,32.99,32.99,In Stock,,,8019982002966,57372,https://delaurenti.com/nettuno-anchovy-colatura-100ml-8019982002966-57372/,https://cdn.powered-by-nitrosell.com/product_images/26/6472/thumb-Nettuno%20Fish%20Sauce.jpg,"Nettuno is a family-run company founded in 1945 in Cetara, a charming fishing village on the Amalfi coast, on the Gulf of Salerno in Campania. Their production is completely artisanal, inspired by the simple but precise rules of the local anchovy traditions. Colatura di Alici is produced by drawing off the liquid given off by curing anchovies under salt, and is an easy way to add concentrated umami flavor to a dish without having to rinse, filet and chop the little fish. Mix a teaspoon of colatura with a few tablespoons of olive oil and some crushed garlic, and you’ve got an instant flavorful sauce for spaghetti, potatoes, or sauteed greens. Sprinkle a few drops on roasted vegetables, fresh tomatoes, avocado slices, roasted meat, scallops, Caesar salad, and any other dish that could use a quick umami kick! This is the famous Amalfi anchovy sauce."
Fish,앤초비 (Anchovies),Principe Di Gerace,,,,,,"Principe di Gerace Mediterranean Anchovies in EVOO, 200g",200g,,22.99,,In Stock,,,8019404009078,56258,https://delaurenti.com/principe-di-gerace-mediterranean-anchovies-in-evoo-200g-8019404009078-56258/,https://cdn.powered-by-nitrosell.com/product_images/26/6472/thumb-Testa%20Mediterranean%20Anchovies.jpg,"Packed with flavor, these whole anchovies are full of protein, omega-3 fatty acids, and an array of important minerals. Preferably eaten out of the jar, they can also be rinsed in water to eliminate some of the salt and small bones. Use in pasta sauce, Neapolitan style pizza, salads, or any seafood dish.

*2017 Silver sofi Award winner!"
Fish,"조개/홍합/굴/가리비 (Clams, Mussels, Oysters & Scallops)",Ramon Pena,,,,,,"Ramon Pena Big Mussels in Pickled Sauce, 110g",110g,,20.99,,In Stock,,,8426441161063,68716,https://delaurenti.com/ramon-pena-big-mussels-in-pickled-sauce-110g-8426441161063-68716/,https://cdn.powered-by-nitrosell.com/product_images/26/6472/thumb-Ramon%20Pave%20Mussels%20in%20Pickled%20Sauce.jpg,"Ramón Peña's Mussels in Escabeche feature 8-12 plump Galician mussels hand-packed in traditional Spanish pickling liquid. Grown on floating bateas in Rías de Arosa, these meaty mussels are hand-fried, debearded, and preserved in a balanced escabeche of olive oil, vinegar, and spices—delivering authentic tapas bar flavor in every tin."
Fish,정어리 (Sardines),Ramon Pena,,,,,,"Ramon Pena Sardines in Sauce, 130g",130g,,12.99,,Out of Stock,,,8426441161094,68719,https://delaurenti.com/ramon-pena-sardines-in-sauce-130g-8426441161094-68719/,https://cdn.powered-by-nitrosell.com/product_images/26/6472/thumb-Ramon%20Pena%20Sardines%20in%20Sauce.jpg,"Ramón Peña's Sardines in Sauce follow a generations-old Galician preparation where morning-caught sardines are floured, fried, then tinned in homemade vegetable sauce enriched with wine. The flour-thickened sauce provides hearty body, while the traditional frying method creates firm texture. Best served warm for optimal sauce consistency and flavor."
Fish,"조개/홍합/굴/가리비 (Clams, Mussels, Oysters & Scallops)",Reese,Holland,,,,,"Reese Clam Juice, 8oz",8oz,237,6.99,2.95,In Stock,,,070670004998,72498,https://delaurenti.com/reese-clam-juice-8oz-070670004998-72498/,https://cdn.powered-by-nitrosell.com/product_images/26/6472/thumb-Reece%20Clam%20Juice.jpg,"It's hard to find a company that has been making anything since 1947, let alone making clam juice since 1947. You won't always need clam juice, but when you do, nothing else will do. It's all natural briney flavor is the perfect compliment to your world famous clam chowder and all your adventurous cocktails!"
Fish,참치 (Tuna),Sclafani Foods,Italy,,,,,"Sclafani Tuna in Olive Oil, 170g",170g,,7.99,,Out of Stock,,Yellowfin tuna in olive oil,080602034610,28969,https://delaurenti.com/sclafani-tuna-in-olive-oil-170g-080602034610-28969/,https://cdn.powered-by-nitrosell.com/product_images/26/6472/thumb-SclafaniTunaCan_02.jpg,"Sclafani yellow fin tuna has been a DeLaurenti staple for years. It is great quality, pure yellow fin tuna packed in oil. It's what should be in your cupboard at the ready anytime you need a delicious tuna for a sandwich, pasta or appetizer."
Fish,앤초비 (Anchovies),Talatta,Italy,,,,,"Talatta Anchovies in Olive Oil, 48g",48g,,3.99,,In Stock,,,810807520157,24517,https://delaurenti.com/talatta-anchovies-in-olive-oil-48g-810807520157-24517/,https://cdn.powered-by-nitrosell.com/product_images/26/6472/thumb-TalattaAnchovyTin_2OZ_01.jpg,"Talatta has been preserving fish for over 50 years. These high quality Italian anchovies are cleaned and filleted by hand. Ready to eat as is, they are also perfect for salads, pizza or adding to your favorite tomato sauce."
Fish,앤초비 (Anchovies),Talatta,Italy,,,,,"Talatta Anchovies in Olive Oil, 95g",95g,,7.99,,In Stock,,,810807520003,28094,https://delaurenti.com/talatta-anchovies-in-olive-oil-95g-810807520003-28094/,https://cdn.powered-by-nitrosell.com/product_images/26/6472/thumb-TalattaAnchovyGlass_03.jpg,"Talatta has been preserving fish for over 50 years. These high quality Italian anchovies are cleaned and filleted by hand. Ready to eat as is, they are also perfect for salads, pizza or adding to your favorite tomato sauce."
Fish,앤초비 (Anchovies),Talatta,Italy,,,,,"Talatta Anchovy Paste, 60g",60g,,3.99,,In Stock,,,878266000511,24519,https://delaurenti.com/talatta-anchovy-paste-60g-878266000511-24519/,https://cdn.powered-by-nitrosell.com/product_images/26/6472/thumb-Talatta%20Anchovy%20Paste.jpg,"You won’t use anchovy paste every day, but when you need it, nothing else will do. From Sciacca, Sicily, Talatta is a standard brand here at the store. Just like all their other anchovy products, their paste is of the highest quality. Try it in pasta sauces, salad dressings, tossed roasted vegetables or a quick Bagna Cauda…the options are endless. Made from hand-filleted anchovies that are processed within 24 hours of coming off the boat, this paste combines quality fish with easy storage and use, making it a refrigerator staple!"
